{
  "metadata" : {
    "realm" : "/",
    "amsterVersion" : "7.0.1",
    "entityType" : "SuccessURL",
    "entityId" : "0402fb73-7f07-4500-bb88-42f2637c6dc2",
    "pathParams" : { }
  },
  "data" : {
    "_id" : "0402fb73-7f07-4500-bb88-42f2637c6dc2",
    "successUrl" : "http://localhost:8888",
    "_type" : {
      "_id" : "SetSuccessUrlNode",
      "name" : "Success URL",
      "collection" : true
    },
    "_outcomes" : [ {
      "id" : "outcome",
      "displayName" : "Outcome"
    } ]
  }
}