{
  "metadata" : {
    "realm" : "/",
    "amsterVersion" : "7.0.1",
    "entityType" : "SuccessURL",
    "entityId" : "60ed3da1-257c-49e7-8d5f-b18b9198c39c",
    "pathParams" : { }
  },
  "data" : {
    "_id" : "60ed3da1-257c-49e7-8d5f-b18b9198c39c",
    "successUrl" : "https://www.forgerock.com/",
    "_type" : {
      "_id" : "SetSuccessUrlNode",
      "name" : "Success URL",
      "collection" : true
    },
    "_outcomes" : [ {
      "id" : "outcome",
      "displayName" : "Outcome"
    } ]
  }
}