{
  "metadata" : {
    "realm" : "/",
    "amsterVersion" : "7.0.1",
    "entityType" : "SuccessURL",
    "entityId" : "c59e5f37-2802-4fdd-aa6e-da90682028aa",
    "pathParams" : { }
  },
  "data" : {
    "_id" : "c59e5f37-2802-4fdd-aa6e-da90682028aa",
    "successUrl" : "http://localhost:8888",
    "_type" : {
      "_id" : "SetSuccessUrlNode",
      "name" : "Success URL",
      "collection" : true
    },
    "_outcomes" : [ {
      "id" : "outcome",
      "displayName" : "Outcome"
    } ]
  }
}