{
  "metadata" : {
    "realm" : "/",
    "amsterVersion" : "7.0.1",
    "entityType" : "OTPCollectorDecision",
    "entityId" : "cc8b468c-2ca9-49ec-965e-72737654fa8e",
    "pathParams" : { }
  },
  "data" : {
    "_id" : "cc8b468c-2ca9-49ec-965e-72737654fa8e",
    "passwordExpiryTime" : 5,
    "_type" : {
      "_id" : "OneTimePasswordCollectorDecisionNode",
      "name" : "OTP Collector Decision",
      "collection" : true
    },
    "_outcomes" : [ {
      "id" : "true",
      "displayName" : "True"
    }, {
      "id" : "false",
      "displayName" : "False"
    } ]
  }
}