{
  "metadata" : {
    "realm" : "/",
    "amsterVersion" : "7.0.1",
    "entityType" : "RetryLimitDecision",
    "entityId" : "29296eab-352d-40e5-adbd-6354125cd89b",
    "pathParams" : { }
  },
  "data" : {
    "_id" : "29296eab-352d-40e5-adbd-6354125cd89b",
    "retryLimit" : 3,
    "_type" : {
      "_id" : "RetryLimitDecisionNode",
      "name" : "Retry Limit Decision",
      "collection" : true
    },
    "_outcomes" : [ {
      "id" : "Retry",
      "displayName" : "Retry"
    }, {
      "id" : "Reject",
      "displayName" : "Reject"
    } ]
  }
}