{
  "metadata" : {
    "realm" : "/",
    "amsterVersion" : "7.0.1",
    "entityType" : "Scripts",
    "entityId" : "01e1a3c0-038b-4c16-956a-6c9d89328cff",
    "pathParams" : { }
  },
  "data" : {
    "_id" : "01e1a3c0-038b-4c16-956a-6c9d89328cff",
    "name" : "Authentication Tree Decision Node Script",
    "description" : "Default global script for a scripted decision node",
    "script" : "c2hhcmVkU3RhdGUucHV0KCJ1c2VyTmFtZSIsICJrcC10ZXN0Iik7Cm91dGNvbWU9InRydWUi",
    "default" : true,
    "language" : "GROOVY",
    "context" : "AUTHENTICATION_TREE_DECISION_NODE",
    "createdBy" : "null",
    "creationDate" : 0,
    "lastModifiedBy" : "null",
    "lastModifiedDate" : 0
  }
}