{
  "metadata" : {
    "realm" : "/",
    "amsterVersion" : "7.0.1",
    "entityType" : "AuthTree",
    "entityId" : "Example",
    "pathParams" : { }
  },
  "data" : {
    "_id" : "Example",
    "description" : "null",
    "nodes" : {
      "a3c9d09d-4d74-4b66-a907-4c1df69f9a70" : {
        "displayName" : "User Name Collector",
        "nodeType" : "UsernameCollectorNode",
        "connections" : {
          "outcome" : "cc938b96-faef-4cb0-8888-dbd3977d1e8a"
        }
      },
      "cc938b96-faef-4cb0-8888-dbd3977d1e8a" : {
        "displayName" : "Password Collector",
        "nodeType" : "PasswordCollectorNode",
        "connections" : {
          "outcome" : "1952beea-9285-451d-b6a6-38d351bbbea7"
        }
      },
      "1952beea-9285-451d-b6a6-38d351bbbea7" : {
        "displayName" : "Data Store Decision",
        "nodeType" : "DataStoreDecisionNode",
        "connections" : {
          "true" : "70e691a5-1e33-4ac3-a356-e7b6d60d92e0",
          "false" : "e301438c-0bd0-429c-ab0c-66126501069a"
        }
      },
      "5090626c-91ef-48b0-bf6c-c6d82859218a" : {
        "displayName" : "Zero Page Login Collector",
        "nodeType" : "ZeroPageLoginNode",
        "connections" : {
          "true" : "1952beea-9285-451d-b6a6-38d351bbbea7",
          "false" : "a3c9d09d-4d74-4b66-a907-4c1df69f9a70"
        }
      }
    },
    "uiConfig" : { },
    "entryNodeId" : "5090626c-91ef-48b0-bf6c-c6d82859218a"
  }
}