{
  "metadata" : {
    "realm" : "/",
    "amsterVersion" : "7.0.1",
    "entityType" : "AuthTree",
    "entityId" : "Facebook-ProvisionIDMAccount",
    "pathParams" : { }
  },
  "data" : {
    "_id" : "Facebook-ProvisionIDMAccount",
    "description" : "null",
    "nodes" : {
      "f4de2da7-7c53-48b7-974c-bbfda2b70b26" : {
        "displayName" : "Facebook Social Authentication",
        "nodeType" : "SocialFacebookNode",
        "connections" : {
          "NO_ACCOUNT" : "55e0b44d-f248-4761-b022-8d35fe8aaa94",
          "ACCOUNT_EXISTS" : "70e691a5-1e33-4ac3-a356-e7b6d60d92e0"
        }
      },
      "55e0b44d-f248-4761-b022-8d35fe8aaa94" : {
        "displayName" : "Provision IDM Account",
        "nodeType" : "ProvisionIdmAccountNode",
        "connections" : {
          "outcome" : "70e691a5-1e33-4ac3-a356-e7b6d60d92e0"
        }
      }
    },
    "uiConfig" : { },
    "entryNodeId" : "f4de2da7-7c53-48b7-974c-bbfda2b70b26"
  }
}