{
  "metadata" : {
    "realm" : "/",
    "amsterVersion" : "7.0.1",
    "entityType" : "AuthTree",
    "entityId" : "Google-DynamicAccountCreation",
    "pathParams" : { }
  },
  "data" : {
    "_id" : "Google-DynamicAccountCreation",
    "description" : "null",
    "nodes" : {
      "3ed50626-d109-4916-a90e-fbf822d8ec9f" : {
        "displayName" : "Google Social Authentication",
        "nodeType" : "SocialGoogleNode",
        "connections" : {
          "NO_ACCOUNT" : "6eaae77a-f6c6-4c42-8faf-415cfca88e38",
          "ACCOUNT_EXISTS" : "70e691a5-1e33-4ac3-a356-e7b6d60d92e0"
        }
      },
      "6eaae77a-f6c6-4c42-8faf-415cfca88e38" : {
        "displayName" : "HOTP Generator",
        "nodeType" : "OneTimePasswordGeneratorNode",
        "connections" : {
          "outcome" : "d160613c-e048-4a4d-b7f1-c40ebde1d62a"
        }
      },
      "d160613c-e048-4a4d-b7f1-c40ebde1d62a" : {
        "displayName" : "OTP Email Sender",
        "nodeType" : "OneTimePasswordSmtpSenderNode",
        "connections" : {
          "outcome" : "cc8b468c-2ca9-49ec-965e-72737654fa8e"
        }
      },
      "cc8b468c-2ca9-49ec-965e-72737654fa8e" : {
        "displayName" : "OTP Collector Decision",
        "nodeType" : "OneTimePasswordCollectorDecisionNode",
        "connections" : {
          "true" : "23e571fe-e691-41f8-90f0-2fa25e91e9b0",
          "false" : "29296eab-352d-40e5-adbd-6354125cd89b"
        }
      },
      "bf45618f-e2de-4868-8ca3-c10f8d10feaa" : {
        "displayName" : "Provision Dynamic Account",
        "nodeType" : "ProvisionDynamicAccountNode",
        "connections" : {
          "outcome" : "70e691a5-1e33-4ac3-a356-e7b6d60d92e0"
        }
      },
      "23e571fe-e691-41f8-90f0-2fa25e91e9b0" : {
        "displayName" : "Create Password",
        "nodeType" : "CreatePasswordNode",
        "connections" : {
          "outcome" : "bf45618f-e2de-4868-8ca3-c10f8d10feaa"
        }
      },
      "29296eab-352d-40e5-adbd-6354125cd89b" : {
        "displayName" : "Retry Limit Decision",
        "nodeType" : "RetryLimitDecisionNode",
        "connections" : {
          "Reject" : "e301438c-0bd0-429c-ab0c-66126501069a",
          "Retry" : "cc8b468c-2ca9-49ec-965e-72737654fa8e"
        }
      }
    },
    "entryNodeId" : "3ed50626-d109-4916-a90e-fbf822d8ec9f",
    "uiConfig" : { }
  }
}