{
  "metadata" : {
    "realm" : "/",
    "amsterVersion" : "7.0.1",
    "entityType" : "AuthTree",
    "entityId" : "Google-AnonymousUser",
    "pathParams" : { }
  },
  "data" : {
    "_id" : "Google-AnonymousUser",
    "entryNodeId" : "7f931478-fc8d-4909-a724-39a683c849bf",
    "description" : "null",
    "uiConfig" : { },
    "nodes" : {
      "c024539b-17ce-49fa-a6cd-a46d0a215dee" : {
        "displayName" : "Map to Anonymous User",
        "nodeType" : "AnonymousUserNode",
        "connections" : {
          "outcome" : "60ed3da1-257c-49e7-8d5f-b18b9198c39c"
        }
      },
      "60ed3da1-257c-49e7-8d5f-b18b9198c39c" : {
        "displayName" : "Set Success URL",
        "nodeType" : "SetSuccessUrlNode",
        "connections" : {
          "outcome" : "70e691a5-1e33-4ac3-a356-e7b6d60d92e0"
        }
      },
      "7f931478-fc8d-4909-a724-39a683c849bf" : {
        "displayName" : "Google Social Authentication",
        "nodeType" : "SocialGoogleNode",
        "connections" : {
          "NO_ACCOUNT" : "c024539b-17ce-49fa-a6cd-a46d0a215dee",
          "ACCOUNT_EXISTS" : "70e691a5-1e33-4ac3-a356-e7b6d60d92e0"
        }
      }
    }
  }
}