{
  "metadata" : {
    "realm" : "/",
    "amsterVersion" : "7.0.1",
    "entityType" : "AuthTree",
    "entityId" : "HmacOneTimePassword",
    "pathParams" : { }
  },
  "data" : {
    "_id" : "HmacOneTimePassword",
    "description" : "null",
    "entryNodeId" : "c445c216-5615-4ffe-a0a3-d3ccfd0fbc97",
    "nodes" : {
      "c445c216-5615-4ffe-a0a3-d3ccfd0fbc97" : {
        "displayName" : "User Name Collector",
        "nodeType" : "UsernameCollectorNode",
        "connections" : {
          "outcome" : "5969cc2c-c38f-4a31-9fdd-1a39426cc04a"
        }
      },
      "5969cc2c-c38f-4a31-9fdd-1a39426cc04a" : {
        "displayName" : "Password Collector",
        "nodeType" : "PasswordCollectorNode",
        "connections" : {
          "outcome" : "4deea2f6-7c69-41df-a6ac-144948743727"
        }
      },
      "4deea2f6-7c69-41df-a6ac-144948743727" : {
        "displayName" : "Data Store Decision",
        "nodeType" : "DataStoreDecisionNode",
        "connections" : {
          "true" : "b3a2ea17-3187-4273-af45-197a9b29a142",
          "false" : "e301438c-0bd0-429c-ab0c-66126501069a"
        }
      },
      "5a05acba-de30-478f-8403-2d354d62dfbd" : {
        "displayName" : "OTP Collector Decision",
        "nodeType" : "OneTimePasswordCollectorDecisionNode",
        "connections" : {
          "true" : "70e691a5-1e33-4ac3-a356-e7b6d60d92e0",
          "false" : "e301438c-0bd0-429c-ab0c-66126501069a"
        }
      },
      "b3a2ea17-3187-4273-af45-197a9b29a142" : {
        "displayName" : "HOTP Generator",
        "nodeType" : "OneTimePasswordGeneratorNode",
        "connections" : {
          "outcome" : "aebb20f3-1635-4a1c-b17c-25ed69ed695d"
        }
      },
      "aebb20f3-1635-4a1c-b17c-25ed69ed695d" : {
        "displayName" : "OTP Email Sender",
        "nodeType" : "OneTimePasswordSmtpSenderNode",
        "connections" : {
          "outcome" : "5a05acba-de30-478f-8403-2d354d62dfbd"
        }
      }
    },
    "uiConfig" : { }
  }
}