{
  "metadata" : {
    "realm" : "/",
    "amsterVersion" : "7.0.1",
    "entityType" : "AuthTree",
    "entityId" : "PersistentCookie",
    "pathParams" : { }
  },
  "data" : {
    "_id" : "PersistentCookie",
    "nodes" : {
      "16aa49b5-79bf-4865-a1b0-81e1e99c7814" : {
        "displayName" : "User Name Collector",
        "nodeType" : "UsernameCollectorNode",
        "connections" : {
          "outcome" : "789faa50-aafb-4321-bcb4-a8da5273d6e2"
        }
      },
      "789faa50-aafb-4321-bcb4-a8da5273d6e2" : {
        "displayName" : "Password Collector",
        "nodeType" : "PasswordCollectorNode",
        "connections" : {
          "outcome" : "0e4e2b8a-7d72-47c7-93fd-ffd66e9bd576"
        }
      },
      "0e4e2b8a-7d72-47c7-93fd-ffd66e9bd576" : {
        "displayName" : "Data Store Decision",
        "nodeType" : "DataStoreDecisionNode",
        "connections" : {
          "true" : "62446475-bc56-4416-a867-794c81b5a64b",
          "false" : "16aa49b5-79bf-4865-a1b0-81e1e99c7814"
        }
      },
      "523deab3-e717-40e5-90f4-8aa9e30ee526" : {
        "displayName" : "Persistent Cookie Decision",
        "nodeType" : "PersistentCookieDecisionNode",
        "connections" : {
          "true" : "70e691a5-1e33-4ac3-a356-e7b6d60d92e0",
          "false" : "16aa49b5-79bf-4865-a1b0-81e1e99c7814"
        }
      },
      "62446475-bc56-4416-a867-794c81b5a64b" : {
        "displayName" : "Set Persistent Cookie",
        "nodeType" : "SetPersistentCookieNode",
        "connections" : {
          "outcome" : "70e691a5-1e33-4ac3-a356-e7b6d60d92e0"
        }
      }
    },
    "description" : "null",
    "entryNodeId" : "523deab3-e717-40e5-90f4-8aa9e30ee526",
    "uiConfig" : { }
  }
}