{
  "metadata" : {
    "realm" : "/",
    "amsterVersion" : "7.0.1",
    "entityType" : "AuthTree",
    "entityId" : "PlatformRegistration",
    "pathParams" : { }
  },
  "data" : {
    "_id" : "PlatformRegistration",
    "description" : "Platform Registration Tree",
    "staticNodes" : {
      "startNode" : {
        "x" : 50,
        "y" : 145.5
      },
      "70e691a5-1e33-4ac3-a356-e7b6d60d92e0" : {
        "x" : 789.5500030517578,
        "y" : 145.5
      },
      "e301438c-0bd0-429c-ab0c-66126501069a" : {
        "x" : 576.1999969482422,
        "y" : 179
      }
    },
    "uiConfig" : { },
    "nodes" : {
      "7bb3366f-11c6-4be5-b1aa-128a73dc840d" : {
        "displayName" : "Page Node",
        "nodeType" : "PageNode",
        "connections" : {
          "outcome" : "c8b04e24-1954-4143-a93d-088f591dec36"
        },
        "x" : 152,
        "y" : 25
      },
      "c8b04e24-1954-4143-a93d-088f591dec36" : {
        "displayName" : "Create Object",
        "nodeType" : "CreateObjectNode",
        "connections" : {
          "CREATED" : "27211187-7914-4ac0-90b0-53b4d364659d",
          "FAILURE" : "e301438c-0bd0-429c-ab0c-66126501069a"
        },
        "x" : 418.3000030517578,
        "y" : 122.8499984741211
      },
      "27211187-7914-4ac0-90b0-53b4d364659d" : {
        "displayName" : "Increment Login Count",
        "nodeType" : "IncrementLoginCountNode",
        "connections" : {
          "outcome" : "c59e5f37-2802-4fdd-aa6e-da90682028aa"
        },
        "x" : 576.1999969482422,
        "y" : 112
      },
      "c59e5f37-2802-4fdd-aa6e-da90682028aa" : {
        "displayName" : "Success URL",
        "nodeType" : "SetSuccessUrlNode",
        "x" : 780,
        "y" : 259.6000061035156,
        "connections" : {
          "outcome" : "70e691a5-1e33-4ac3-a356-e7b6d60d92e0"
        }
      }
    },
    "entryNodeId" : "7bb3366f-11c6-4be5-b1aa-128a73dc840d"
  }
}