{
  "metadata" : {
    "realm" : "/",
    "amsterVersion" : "7.0.1",
    "entityType" : "AuthTree",
    "entityId" : "PlatformForgottenUsername",
    "pathParams" : { }
  },
  "data" : {
    "_id" : "PlatformForgottenUsername",
    "description" : "Forgotten Username Tree",
    "entryNodeId" : "049793d7-c526-4278-80b3-5ff8bddfb49c",
    "nodes" : {
      "049793d7-c526-4278-80b3-5ff8bddfb49c" : {
        "displayName" : "Page Node",
        "nodeType" : "PageNode",
        "connections" : {
          "outcome" : "36515513-daf2-4bc0-a5fa-0311f1043579"
        }
      },
      "36515513-daf2-4bc0-a5fa-0311f1043579" : {
        "displayName" : "Identify Existing User",
        "nodeType" : "IdentifyExistingUserNode",
        "connections" : {
          "true" : "30a651e6-2bd0-4fc0-abcc-df09775c666c",
          "false" : "30a651e6-2bd0-4fc0-abcc-df09775c666c"
        }
      },
      "30a651e6-2bd0-4fc0-abcc-df09775c666c" : {
        "displayName" : "Email Suspend",
        "nodeType" : "EmailSuspendNode",
        "connections" : {
          "outcome" : "75a171a4-491c-4bdd-b72c-c5bd41ba34fa"
        }
      },
      "75a171a4-491c-4bdd-b72c-c5bd41ba34fa" : {
        "displayName" : "Inner Tree Evaluator",
        "nodeType" : "InnerTreeEvaluatorNode",
        "connections" : {
          "true" : "70e691a5-1e33-4ac3-a356-e7b6d60d92e0",
          "false" : "e301438c-0bd0-429c-ab0c-66126501069a"
        }
      }
    },
    "uiConfig" : { }
  }
}