{
  "metadata" : {
    "realm" : "/",
    "amsterVersion" : "7.0.1",
    "entityType" : "AuthTree",
    "entityId" : "PlatformProgressiveProfile",
    "pathParams" : { }
  },
  "data" : {
    "_id" : "PlatformProgressiveProfile",
    "uiConfig" : { },
    "nodes" : {
      "30fb760a-ea95-43f0-8e87-71626809f28a" : {
        "displayName" : "Login Count Decision",
        "nodeType" : "LoginCountDecisionNode",
        "connections" : {
          "true" : "caafe62b-226d-4770-a3d7-5261f43763f3",
          "false" : "70e691a5-1e33-4ac3-a356-e7b6d60d92e0"
        }
      },
      "caafe62b-226d-4770-a3d7-5261f43763f3" : {
        "displayName" : "Query Filter Decision",
        "nodeType" : "QueryFilterDecisionNode",
        "connections" : {
          "true" : "d32aadfe-6191-4517-be55-eb250a763a94",
          "false" : "70e691a5-1e33-4ac3-a356-e7b6d60d92e0"
        }
      },
      "d32aadfe-6191-4517-be55-eb250a763a94" : {
        "displayName" : "Page Node",
        "nodeType" : "PageNode",
        "connections" : {
          "outcome" : "69f1e32a-d5b0-4444-b76f-4a933ccd7616"
        }
      },
      "69f1e32a-d5b0-4444-b76f-4a933ccd7616" : {
        "displayName" : "Patch Object",
        "nodeType" : "PatchObjectNode",
        "connections" : {
          "PATCHED" : "70e691a5-1e33-4ac3-a356-e7b6d60d92e0",
          "FAILURE" : "e301438c-0bd0-429c-ab0c-66126501069a"
        }
      }
    },
    "entryNodeId" : "30fb760a-ea95-43f0-8e87-71626809f28a",
    "description" : "Prompt for missing preferences on 3rd login"
  }
}