{
  "metadata" : {
    "realm" : "/",
    "amsterVersion" : "7.0.1",
    "entityType" : "AuthTree",
    "entityId" : "PlatformUpdatePassword",
    "pathParams" : { }
  },
  "data" : {
    "_id" : "PlatformUpdatePassword",
    "nodes" : {
      "600f6107-f91e-4aaf-9254-696b91f1f207" : {
        "displayName" : "Get Session Data",
        "nodeType" : "SessionDataNode",
        "connections" : {
          "outcome" : "3108eec3-973b-4823-96ef-3e34f89463f1"
        }
      },
      "3108eec3-973b-4823-96ef-3e34f89463f1" : {
        "displayName" : "Attribute Present Decision",
        "nodeType" : "AttributePresentDecisionNode",
        "connections" : {
          "true" : "3ac23466-df81-48ab-951d-9d1c5d83c1ff",
          "false" : "2bccbcb3-6ec3-42d7-ad3f-0901fffd353f"
        }
      },
      "3ac23466-df81-48ab-951d-9d1c5d83c1ff" : {
        "displayName" : "Page Node",
        "nodeType" : "PageNode",
        "connections" : {
          "outcome" : "e82d0366-8e2b-45ee-baf5-40a5c974224e"
        }
      },
      "e82d0366-8e2b-45ee-baf5-40a5c974224e" : {
        "displayName" : "Data Store Decision",
        "nodeType" : "DataStoreDecisionNode",
        "connections" : {
          "true" : "2348ce1f-25f5-4932-a6a6-10b136f4b571",
          "false" : "e301438c-0bd0-429c-ab0c-66126501069a"
        }
      },
      "2348ce1f-25f5-4932-a6a6-10b136f4b571" : {
        "displayName" : "Page Node",
        "nodeType" : "PageNode",
        "connections" : {
          "outcome" : "e08ea1cb-49af-4bc5-979e-1723a30806c9"
        }
      },
      "2bccbcb3-6ec3-42d7-ad3f-0901fffd353f" : {
        "displayName" : "Email Suspend",
        "nodeType" : "EmailSuspendNode",
        "connections" : {
          "outcome" : "2348ce1f-25f5-4932-a6a6-10b136f4b571"
        }
      },
      "e08ea1cb-49af-4bc5-979e-1723a30806c9" : {
        "displayName" : "Patch Object",
        "nodeType" : "PatchObjectNode",
        "connections" : {
          "PATCHED" : "70e691a5-1e33-4ac3-a356-e7b6d60d92e0",
          "FAILURE" : "e301438c-0bd0-429c-ab0c-66126501069a"
        }
      }
    },
    "entryNodeId" : "600f6107-f91e-4aaf-9254-696b91f1f207",
    "uiConfig" : { },
    "description" : "Update password using active session"
  }
}