{
  "metadata" : {
    "realm" : "/",
    "amsterVersion" : "7.0.1",
    "entityType" : "AuthTree",
    "entityId" : "PlatformResetPassword",
    "pathParams" : { }
  },
  "data" : {
    "_id" : "PlatformResetPassword",
    "entryNodeId" : "daef56ec-3834-4db6-8d78-50a7c1236aaf",
    "description" : "Reset Password Tree",
    "uiConfig" : { },
    "nodes" : {
      "daef56ec-3834-4db6-8d78-50a7c1236aaf" : {
        "displayName" : "Page Node",
        "nodeType" : "PageNode",
        "connections" : {
          "outcome" : "7cf23d7e-5062-4a06-8b63-b6f9079c95b1"
        },
        "x" : 152,
        "y" : 32
      },
      "7cf23d7e-5062-4a06-8b63-b6f9079c95b1" : {
        "displayName" : "Identify Existing User",
        "nodeType" : "IdentifyExistingUserNode",
        "connections" : {
          "true" : "57811679-2bc1-4495-9b45-0109f8dd3263",
          "false" : "57811679-2bc1-4495-9b45-0109f8dd3263"
        },
        "x" : 346.98333740234375,
        "y" : 35.849998474121094
      },
      "57811679-2bc1-4495-9b45-0109f8dd3263" : {
        "displayName" : "Email Suspend",
        "nodeType" : "EmailSuspendNode",
        "connections" : {
          "outcome" : "3ded9dd6-ec97-4a63-a6bf-3a06c0a8a33c"
        },
        "x" : 550.5166778564453,
        "y" : 58.5
      },
      "3ded9dd6-ec97-4a63-a6bf-3a06c0a8a33c" : {
        "displayName" : "Page Node",
        "nodeType" : "PageNode",
        "connections" : {
          "outcome" : "aff0f544-7f8a-4b33-99a6-6aaa7a1f2a4c"
        },
        "x" : 716.6500091552734,
        "y" : 32
      },
      "aff0f544-7f8a-4b33-99a6-6aaa7a1f2a4c" : {
        "displayName" : "Patch Object",
        "nodeType" : "PatchObjectNode",
        "connections" : {
          "PATCHED" : "c9202111-4962-460f-aa95-69f1359d4d56",
          "FAILURE" : "e301438c-0bd0-429c-ab0c-66126501069a"
        },
        "x" : 916.933349609375,
        "y" : 35.849998474121094
      },
      "c9202111-4962-460f-aa95-69f1359d4d56" : {
        "displayName" : "Success URL",
        "nodeType" : "SetSuccessUrlNode",
        "x" : 979,
        "y" : 349.1000061035156,
        "connections" : {
          "outcome" : "70e691a5-1e33-4ac3-a356-e7b6d60d92e0"
        }
      }
    },
    "staticNodes" : {
      "startNode" : {
        "x" : 50,
        "y" : 58.5
      },
      "70e691a5-1e33-4ac3-a356-e7b6d60d92e0" : {
        "x" : 1068.5500183105469,
        "y" : 92
      },
      "e301438c-0bd0-429c-ab0c-66126501069a" : {
        "x" : 1068.5500183105469,
        "y" : 25
      }
    }
  }
}