{
  "metadata" : {
    "realm" : "/",
    "amsterVersion" : "7.0.1",
    "entityType" : "AuthTree",
    "entityId" : "PlatformLogin",
    "pathParams" : { }
  },
  "data" : {
    "_id" : "PlatformLogin",
    "description" : "Platform Login Tree",
    "uiConfig" : { },
    "nodes" : {
      "af01a277-5431-4364-b0a6-ed5e07c435c5" : {
        "displayName" : "Page Node",
        "nodeType" : "PageNode",
        "connections" : {
          "outcome" : "80c8677c-0ede-4cc6-afd5-48d0acaf61a4"
        },
        "x" : 152,
        "y" : 25
      },
      "80c8677c-0ede-4cc6-afd5-48d0acaf61a4" : {
        "displayName" : "Data Store Decision",
        "nodeType" : "DataStoreDecisionNode",
        "connections" : {
          "true" : "fcd21a35-8864-40b5-b436-1519a652e695",
          "false" : "e301438c-0bd0-429c-ab0c-66126501069a"
        },
        "x" : 356.01666259765625,
        "y" : 52.349998474121094
      },
      "fcd21a35-8864-40b5-b436-1519a652e695" : {
        "displayName" : "Increment Login Count",
        "nodeType" : "IncrementLoginCountNode",
        "connections" : {
          "outcome" : "39289516-982c-48cd-a346-4829f0d02673"
        },
        "x" : 551.7166595458984,
        "y" : 75
      },
      "39289516-982c-48cd-a346-4829f0d02673" : {
        "displayName" : "Inner Tree Evaluator",
        "nodeType" : "InnerTreeEvaluatorNode",
        "connections" : {
          "true" : "0402fb73-7f07-4500-bb88-42f2637c6dc2",
          "false" : "e301438c-0bd0-429c-ab0c-66126501069a"
        },
        "x" : 765.0666656494141,
        "y" : 52.349998474121094
      },
      "0402fb73-7f07-4500-bb88-42f2637c6dc2" : {
        "displayName" : "Success URL",
        "nodeType" : "SetSuccessUrlNode",
        "x" : 964,
        "y" : 312,
        "connections" : {
          "outcome" : "70e691a5-1e33-4ac3-a356-e7b6d60d92e0"
        }
      }
    },
    "staticNodes" : {
      "startNode" : {
        "x" : 50,
        "y" : 75
      },
      "70e691a5-1e33-4ac3-a356-e7b6d60d92e0" : {
        "x" : 1136,
        "y" : 278
      },
      "e301438c-0bd0-429c-ab0c-66126501069a" : {
        "x" : 962.3166656494141,
        "y" : 41.5
      }
    },
    "entryNodeId" : "af01a277-5431-4364-b0a6-ed5e07c435c5"
  }
}