{
  "metadata" : {
    "realm" : "/",
    "amsterVersion" : "7.0.1",
    "entityType" : "AuthTree",
    "entityId" : "RetryLimit",
    "pathParams" : { }
  },
  "data" : {
    "_id" : "RetryLimit",
    "description" : "null",
    "nodes" : {
      "d12a5618-c428-4be0-a604-b1e4716c06b1" : {
        "displayName" : "User Name Collector",
        "nodeType" : "UsernameCollectorNode",
        "connections" : {
          "outcome" : "24d68d20-ffa4-4996-bf51-850e55e6154c"
        }
      },
      "24d68d20-ffa4-4996-bf51-850e55e6154c" : {
        "displayName" : "Password Collector",
        "nodeType" : "PasswordCollectorNode",
        "connections" : {
          "outcome" : "5f0182f6-0bf3-41c5-833c-3d0f3fbf7b22"
        }
      },
      "5f0182f6-0bf3-41c5-833c-3d0f3fbf7b22" : {
        "displayName" : "Data Store Decision",
        "nodeType" : "DataStoreDecisionNode",
        "connections" : {
          "true" : "70e691a5-1e33-4ac3-a356-e7b6d60d92e0",
          "false" : "911f771f-5d12-4c72-8e56-1e5dacccfebe"
        }
      },
      "911f771f-5d12-4c72-8e56-1e5dacccfebe" : {
        "displayName" : "Retry Limit Decision",
        "nodeType" : "RetryLimitDecisionNode",
        "connections" : {
          "Reject" : "35279d79-0106-418b-bec4-41c6650833bf",
          "Retry" : "d12a5618-c428-4be0-a604-b1e4716c06b1"
        }
      },
      "35279d79-0106-418b-bec4-41c6650833bf" : {
        "displayName" : "Account Lockout",
        "nodeType" : "AccountLockoutNode",
        "connections" : {
          "outcome" : "e301438c-0bd0-429c-ab0c-66126501069a"
        }
      }
    },
    "entryNodeId" : "d12a5618-c428-4be0-a604-b1e4716c06b1",
    "uiConfig" : { }
  }
}