{
  "metadata" : {
    "realm" : "/",
    "amsterVersion" : "7.0.1",
    "entityType" : "AuthTree",
    "entityId" : "siteminderMigration",
    "pathParams" : { }
  },
  "data" : {
    "_id" : "siteminderMigration",
    "entryNodeId" : "37cf6d33-0c80-4989-bdd5-3bbd74ad2f80",
    "uiConfig" : { },
    "staticNodes" : {
      "startNode" : {
        "x" : 20,
        "y" : 365
      },
      "70e691a5-1e33-4ac3-a356-e7b6d60d92e0" : {
        "x" : 1668.4333190917969,
        "y" : 97.6500015258789
      },
      "e301438c-0bd0-429c-ab0c-66126501069a" : {
        "x" : 1668.4333190917969,
        "y" : 164.6500015258789
      }
    },
    "nodes" : {
      "37cf6d33-0c80-4989-bdd5-3bbd74ad2f80" : {
        "displayName" : "Legacy-SM-Validate Token",
        "nodeType" : "LegacySMValidateToken",
        "x" : 112,
        "y" : 364,
        "connections" : {
          "false" : "c86b5a02-447d-4580-ac48-5ac14844591c",
          "true" : "755d6056-bbac-4d27-8177-23e009c14e03"
        }
      },
      "0e55c466-bcbf-4c60-b14c-f2491e248f73" : {
        "displayName" : "Legacy-SM-Create FR User",
        "nodeType" : "LegacySMCreateForgeRockUser",
        "x" : 580,
        "y" : 810,
        "connections" : {
          "true" : "e593c4bb-e7e2-4fa7-aedd-8b2cbd73b7f3",
          "false" : "e301438c-0bd0-429c-ab0c-66126501069a"
        }
      },
      "e593c4bb-e7e2-4fa7-aedd-8b2cbd73b7f3" : {
        "displayName" : "Create Object",
        "nodeType" : "CreateObjectNode",
        "x" : 1460,
        "y" : 702,
        "connections" : {
          "CREATED" : "70e691a5-1e33-4ac3-a356-e7b6d60d92e0",
          "FAILURE" : "e301438c-0bd0-429c-ab0c-66126501069a"
        }
      },
      "c86b5a02-447d-4580-ac48-5ac14844591c" : {
        "displayName" : "Page Node",
        "nodeType" : "PageNode",
        "x" : 320,
        "y" : 132,
        "connections" : {
          "outcome" : "46d99408-05f8-422e-b99e-56f118e385eb"
        }
      },
      "46d99408-05f8-422e-b99e-56f118e385eb" : {
        "displayName" : "Data Store Decision",
        "nodeType" : "DataStoreDecisionNode",
        "x" : 527,
        "y" : 53,
        "connections" : {
          "true" : "45d98cbd-5e66-42e9-a65b-3b30ff953224",
          "false" : "8f7d1cdb-aba1-418b-a11d-dfeb4000a4c8"
        }
      },
      "45d98cbd-5e66-42e9-a65b-3b30ff953224" : {
        "displayName" : "Legacy-SM-Login",
        "nodeType" : "LegacySMLogin",
        "x" : 742,
        "y" : 20,
        "connections" : {
          "true" : "70e691a5-1e33-4ac3-a356-e7b6d60d92e0",
          "false" : "e301438c-0bd0-429c-ab0c-66126501069a"
        }
      },
      "207ffb74-e788-4bf3-a493-dd5421604fef" : {
        "displayName" : "Legacy-SM-Login",
        "nodeType" : "LegacySMLogin",
        "x" : 759,
        "y" : 230,
        "connections" : {
          "false" : "e301438c-0bd0-429c-ab0c-66126501069a",
          "true" : "5507e280-e888-4bc0-90e1-cda93ee61e84"
        }
      },
      "28224efa-ce00-4c32-98a3-a5167ef826bb" : {
        "displayName" : "Legacy-SM-Login",
        "nodeType" : "LegacySMLogin",
        "x" : 801,
        "y" : 619,
        "connections" : {
          "true" : "1c70325c-7dc3-47a4-8f13-2e1b88b6e59d",
          "false" : "e301438c-0bd0-429c-ab0c-66126501069a"
        }
      },
      "1c70325c-7dc3-47a4-8f13-2e1b88b6e59d" : {
        "displayName" : "Legacy-SM-Create FR User",
        "nodeType" : "LegacySMCreateForgeRockUser",
        "x" : 927,
        "y" : 366,
        "connections" : {
          "true" : "e593c4bb-e7e2-4fa7-aedd-8b2cbd73b7f3",
          "false" : "e301438c-0bd0-429c-ab0c-66126501069a"
        }
      },
      "5507e280-e888-4bc0-90e1-cda93ee61e84" : {
        "displayName" : "Patch Object",
        "nodeType" : "PatchObjectNode",
        "x" : 1181,
        "y" : 264,
        "connections" : {
          "PATCHED" : "70e691a5-1e33-4ac3-a356-e7b6d60d92e0",
          "FAILURE" : "e301438c-0bd0-429c-ab0c-66126501069a"
        }
      },
      "8f7d1cdb-aba1-418b-a11d-dfeb4000a4c8" : {
        "displayName" : "Add Attributes To Object Attributes",
        "nodeType" : "AddAttributesToObjectAttributesNode",
        "x" : 473,
        "y" : 326,
        "connections" : {
          "outcome" : "851794a2-b8bb-4d33-beec-773742a1658f"
        }
      },
      "851794a2-b8bb-4d33-beec-773742a1658f" : {
        "displayName" : "Identify Existing User",
        "nodeType" : "IdentifyExistingUserNode",
        "x" : 657,
        "y" : 413,
        "connections" : {
          "true" : "207ffb74-e788-4bf3-a493-dd5421604fef",
          "false" : "28224efa-ce00-4c32-98a3-a5167ef826bb"
        }
      },
      "755d6056-bbac-4d27-8177-23e009c14e03" : {
        "displayName" : "Identify Existing User",
        "nodeType" : "IdentifyExistingUserNode",
        "x" : 332,
        "y" : 546,
        "connections" : {
          "true" : "70e691a5-1e33-4ac3-a356-e7b6d60d92e0",
          "false" : "0e55c466-bcbf-4c60-b14c-f2491e248f73"
        }
      }
    }
  }
}