{
  "metadata" : {
    "realm" : "/",
    "amsterVersion" : "7.0.1",
    "entityType" : "PlatformPassword",
    "entityId" : "3cff0c12-1bc3-46dc-877c-ea43ad137cf0",
    "pathParams" : { }
  },
  "data" : {
    "_id" : "3cff0c12-1bc3-46dc-877c-ea43ad137cf0",
    "validateInput" : true,
    "passwordAttribute" : "password",
    "_type" : {
      "_id" : "ValidatedPasswordNode",
      "name" : "Platform Password",
      "collection" : true
    },
    "_outcomes" : [ {
      "id" : "outcome",
      "displayName" : "Outcome"
    } ]
  }
}