{
  "metadata" : {
    "realm" : "/",
    "amsterVersion" : "7.0.1",
    "entityType" : "PlatformPassword",
    "entityId" : "7f7d0ce6-bd6c-4c75-a891-d1d23c40e424",
    "pathParams" : { }
  },
  "data" : {
    "_id" : "7f7d0ce6-bd6c-4c75-a891-d1d23c40e424",
    "validateInput" : true,
    "passwordAttribute" : "password",
    "_type" : {
      "_id" : "ValidatedPasswordNode",
      "name" : "Platform Password",
      "collection" : true
    },
    "_outcomes" : [ {
      "id" : "outcome",
      "displayName" : "Outcome"
    } ]
  }
}