{
  "metadata" : {
    "realm" : "/",
    "amsterVersion" : "7.0.1",
    "entityType" : "PlatformPassword",
    "entityId" : "c8ff2839-3720-45e4-aad7-8f13b1c699a4",
    "pathParams" : { }
  },
  "data" : {
    "_id" : "c8ff2839-3720-45e4-aad7-8f13b1c699a4",
    "validateInput" : false,
    "passwordAttribute" : "password",
    "_type" : {
      "_id" : "ValidatedPasswordNode",
      "name" : "Platform Password",
      "collection" : true
    },
    "_outcomes" : [ {
      "id" : "outcome",
      "displayName" : "Outcome"
    } ]
  }
}