{
  "metadata" : {
    "realm" : "/",
    "amsterVersion" : "7.0.1",
    "entityType" : "ProvisionDynamicAccount",
    "entityId" : "bf45618f-e2de-4868-8ca3-c10f8d10feaa",
    "pathParams" : { }
  },
  "data" : {
    "_id" : "bf45618f-e2de-4868-8ca3-c10f8d10feaa",
    "accountProviderClass" : "org.forgerock.openam.authentication.modules.common.mapping.DefaultAccountProvider",
    "_type" : {
      "_id" : "ProvisionDynamicAccountNode",
      "name" : "Provision Dynamic Account",
      "collection" : true
    },
    "_outcomes" : [ {
      "id" : "outcome",
      "displayName" : "Outcome"
    } ]
  }
}