{
  "metadata" : {
    "realm" : "/",
    "amsterVersion" : "7.0.1",
    "entityType" : "VKClient",
    "entityId" : "vkontakte",
    "pathParams" : { }
  },
  "data" : {
    "_id" : "vkontakte",
    "uiConfig" : {
      "iconFontColor" : "white",
      "buttonCustomStyle" : "background-color: #4c75a3; border-color: #4c75a3;color: white;",
      "buttonClass" : "fa-vk",
      "buttonImage" : "",
      "buttonDisplayName" : "VK",
      "iconClass" : "fa-vk",
      "buttonCustomStyleHover" : "background-color: #43658c; border-color: #43658c;color: white;",
      "iconBackground" : "#4c75a3"
    },
    "authorizationEndpoint" : "https://oauth.vk.com/authorize",
    "redirectURI" : "https://localhost:8443/openam",
    "apiVersion" : "5.73",
    "basicAuth" : false,
    "authenticationIdKey" : "id",
    "scopes" : [ "email" ],
    "transform" : "403cf226-6051-4368-8b72-9ba14f9a5140",
    "pkceMethod" : "S256",
    "enabled" : false,
    "tokenEndpoint" : "https://oauth.vk.com/access_token",
    "scopeDelimiter" : " ",
    "userInfoEndpoint" : "https://api.vk.com/method/users.get?fields=photo_50",
    "_type" : {
      "_id" : "vkConfig",
      "name" : "Client configuration for Vkontakte.",
      "collection" : true
    }
  }
}