{
  "metadata" : {
    "realm" : "/",
    "amsterVersion" : "7.0.1",
    "entityType" : "InnerTreeEvaluator",
    "entityId" : "39289516-982c-48cd-a346-4829f0d02673",
    "pathParams" : { }
  },
  "data" : {
    "_id" : "39289516-982c-48cd-a346-4829f0d02673",
    "tree" : "PlatformProgressiveProfile",
    "_type" : {
      "_id" : "InnerTreeEvaluatorNode",
      "name" : "Inner Tree Evaluator",
      "collection" : true
    },
    "_outcomes" : [ {
      "id" : "true",
      "displayName" : "True"
    }, {
      "id" : "false",
      "displayName" : "False"
    } ]
  }
}