{
  "metadata" : {
    "realm" : "/",
    "amsterVersion" : "7.0.1",
    "entityType" : "InnerTreeEvaluator",
    "entityId" : "75a171a4-491c-4bdd-b72c-c5bd41ba34fa",
    "pathParams" : { }
  },
  "data" : {
    "_id" : "75a171a4-491c-4bdd-b72c-c5bd41ba34fa",
    "tree" : "PlatformLogin",
    "_type" : {
      "_id" : "InnerTreeEvaluatorNode",
      "name" : "Inner Tree Evaluator",
      "collection" : true
    },
    "_outcomes" : [ {
      "id" : "true",
      "displayName" : "True"
    }, {
      "id" : "false",
      "displayName" : "False"
    } ]
  }
}