{
  "metadata" : {
    "realm" : "/",
    "amsterVersion" : "7.0.1",
    "entityType" : "LoginCountDecision",
    "entityId" : "30fb760a-ea95-43f0-8e87-71626809f28a",
    "pathParams" : { }
  },
  "data" : {
    "_id" : "30fb760a-ea95-43f0-8e87-71626809f28a",
    "amount" : 3,
    "interval" : "AT",
    "identityAttribute" : "userName",
    "_type" : {
      "_id" : "LoginCountDecisionNode",
      "name" : "Login Count Decision",
      "collection" : true
    },
    "_outcomes" : [ {
      "id" : "true",
      "displayName" : "True"
    }, {
      "id" : "false",
      "displayName" : "False"
    } ]
  }
}