{
  "metadata" : {
    "realm" : "/",
    "amsterVersion" : "7.0.1",
    "entityType" : "QueryFilterDecision",
    "entityId" : "32740493-ca43-4a33-af03-df82e4c9752a",
    "pathParams" : { }
  },
  "data" : {
    "_id" : "32740493-ca43-4a33-af03-df82e4c9752a",
    "identityAttribute" : "userName",
    "queryFilter" : "userName pr",
    "_type" : {
      "_id" : "QueryFilterDecisionNode",
      "name" : "Query Filter Decision",
      "collection" : true
    },
    "_outcomes" : [ {
      "id" : "true",
      "displayName" : "True"
    }, {
      "id" : "false",
      "displayName" : "False"
    } ]
  }
}