{
  "metadata" : {
    "realm" : "/",
    "amsterVersion" : "7.0.1",
    "entityType" : "QueryFilterDecision",
    "entityId" : "7aa56242-210c-4f2e-9834-fad76aa323f7",
    "pathParams" : { }
  },
  "data" : {
    "_id" : "7aa56242-210c-4f2e-9834-fad76aa323f7",
    "identityAttribute" : "userName",
    "queryFilter" : "userName pr",
    "_type" : {
      "_id" : "QueryFilterDecisionNode",
      "name" : "Query Filter Decision",
      "collection" : true
    },
    "_outcomes" : [ {
      "id" : "true",
      "displayName" : "True"
    }, {
      "id" : "false",
      "displayName" : "False"
    } ]
  }
}