{
  "metadata" : {
    "realm" : "/",
    "amsterVersion" : "7.0.1",
    "entityType" : "QueryFilterDecision",
    "entityId" : "caafe62b-226d-4770-a3d7-5261f43763f3",
    "pathParams" : { }
  },
  "data" : {
    "_id" : "caafe62b-226d-4770-a3d7-5261f43763f3",
    "queryFilter" : "!(/preferences pr) or /preferences/marketing eq false or /preferences/updates eq false",
    "identityAttribute" : "userName",
    "_type" : {
      "_id" : "QueryFilterDecisionNode",
      "name" : "Query Filter Decision",
      "collection" : true
    },
    "_outcomes" : [ {
      "id" : "true",
      "displayName" : "True"
    }, {
      "id" : "false",
      "displayName" : "False"
    } ]
  }
}