{
  "metadata" : {
    "realm" : "/",
    "amsterVersion" : "7.0.1",
    "entityType" : "IncrementLoginCount",
    "entityId" : "fcd21a35-8864-40b5-b436-1519a652e695",
    "pathParams" : { }
  },
  "data" : {
    "_id" : "fcd21a35-8864-40b5-b436-1519a652e695",
    "identityAttribute" : "userName",
    "_type" : {
      "_id" : "IncrementLoginCountNode",
      "name" : "Increment Login Count",
      "collection" : true
    },
    "_outcomes" : [ {
      "id" : "outcome",
      "displayName" : "Outcome"
    } ]
  }
}