{
  "metadata" : {
    "realm" : null,
    "amsterVersion" : "7.0.1",
    "entityType" : "AnonymousModule",
    "entityId" : "AnonymousModule",
    "pathParams" : { }
  },
  "data" : {
    "_id" : "",
    "defaults" : {
      "authenticationLevel" : 0,
      "caseSensitiveUsernameMatchingEnabled" : false,
      "defaultAnonymousUsername" : "anonymous",
      "validAnonymousUsers" : [ ]
    },
    "_type" : {
      "_id" : "anonymous",
      "name" : "Anonymous",
      "collection" : false
    }
  }
}