{
  "metadata" : {
    "realm" : null,
    "amsterVersion" : "7.0.1",
    "entityType" : "AuthenticatorWebAuthn",
    "entityId" : "AuthenticatorWebAuthn",
    "pathParams" : { }
  },
  "data" : {
    "_id" : "",
    "defaults" : {
      "authenticatorWebAuthnDeviceSettingsEncryptionScheme" : "NONE",
      "authenticatorWebAuthnDeviceSettingsEncryptionKeystorePassword" : null,
      "authenticatorWebAuthnDeviceSettingsEncryptionKeystoreType" : "JCEKS",
      "authenticatorWebAuthnDeviceSettingsEncryptionKeystore" : "/home/forgerock/openam7/security/keystores/keystore.jceks",
      "webauthnAttrName" : "webauthnDeviceProfiles"
    },
    "_type" : {
      "_id" : "authenticatorWebAuthnService",
      "name" : "WebAuthn Profile Encryption Service",
      "collection" : false
    }
  }
}