{
  "metadata" : {
    "realm" : null,
    "amsterVersion" : "7.0.1",
    "entityType" : "Authentication",
    "entityId" : "Authentication",
    "pathParams" : { }
  },
  "data" : {
    "_id" : "",
    "remoteAuthSecurityEnabled" : false,
    "ldapConnectionPoolDefaultSize" : "1:10",
    "authenticators" : [ "com.sun.identity.authentication.modules.ad.AD", "org.forgerock.openam.authentication.modules.saml2.SAML2", "org.forgerock.openam.authentication.modules.social.SocialAuthInstagram", "org.forgerock.openam.authentication.modules.oath.OATH", "org.forgerock.openam.authentication.modules.social.SocialAuthVK", "com.sun.identity.authentication.modules.membership.Membership", "com.sun.identity.authentication.modules.windowsdesktopsso.WindowsDesktopSSO", "org.forgerock.openam.authentication.modules.deviceprint.DeviceIdSave", "com.sun.identity.authentication.modules.federation.Federation", "org.forgerock.openam.authentication.modules.deviceprint.DeviceIdMatch", "com.sun.identity.authentication.modules.jdbc.JDBC", "com.sun.identity.authentication.modules.radius.RADIUS", "com.sun.identity.authentication.modules.anonymous.Anonymous", "com.sun.identity.authentication.modules.cert.Cert", "org.forgerock.openam.authentication.modules.push.registration.AuthenticatorPushRegistration", "com.sun.identity.authentication.modules.httpbasic.HTTPBasic", "org.forgerock.openam.authentication.modules.oidc.OpenIdConnect", "com.sun.identity.authentication.modules.sae.SAE", "org.forgerock.openam.authentication.modules.social.SocialAuthWeChat", "org.forgerock.openam.authentication.modules.persistentcookie.PersistentCookie", "org.forgerock.openam.authentication.modules.social.SocialAuthTwitter", "com.sun.identity.authentication.modules.ldap.LDAP", "org.forgerock.openam.authentication.modules.push.AuthenticatorPush", "org.forgerock.openam.authentication.modules.oauth2.OAuth", "com.sun.identity.authentication.modules.nt.NT", "org.forgerock.openam.authentication.modules.social.SocialAuthWeChatMobile", "org.forgerock.openam.authentication.modules.jwtpop.JwtProofOfPossession", "com.sun.identity.authentication.modules.application.Application", "org.forgerock.openam.authentication.modules.scripted.Scripted", "org.forgerock.openam.authentication.modules.social.SocialAuthOAuth2", "com.sun.identity.authentication.modules.hotp.HOTP", "org.forgerock.openam.authentication.modules.adaptive.Adaptive", "org.forgerock.openam.authentication.modules.accountactivecheck.AccountActiveCheck", "org.forgerock.openam.authentication.modules.social.SocialAuthOpenID", "com.sun.identity.authentication.modules.msisdn.MSISDN", "org.forgerock.openam.authentication.modules.fr.oath.AuthenticatorOATH", "com.sun.identity.authentication.modules.datastore.DataStore", "com.sun.identity.authentication.modules.securid.SecurID", "org.forgerock.openam.authentication.modules.amster.Amster" ],
    "keepPostProcessInstances" : false,
    "ldapConnectionPoolSize" : [ ],
    "defaults" : {
      "accountlockout" : {
        "lockoutDuration" : 0,
        "loginFailureLockoutMode" : false,
        "lockoutDurationMultiplier" : 1,
        "lockoutWarnUserCount" : 0,
        "loginFailureCount" : 5,
        "loginFailureDuration" : 300,
        "storeInvalidAttemptsInDataStore" : true
      },
      "general" : {
        "locale" : "en_US",
        "statelessSessionsEnabled" : false,
        "userStatusCallbackPlugins" : [ ],
        "identityType" : [ "agent", "user" ],
        "defaultAuthLevel" : 0,
        "twoFactorRequired" : false
      },
      "userprofile" : {
        "defaultRole" : [ ],
        "aliasAttributeName" : [ ],
        "dynamicProfileCreation" : "false"
      },
      "security" : {
        "moduleBasedAuthEnabled" : true,
        "zeroPageLoginAllowedWithoutReferrer" : true,
        "sharedSecret" : null,
        "keyAlias" : "test",
        "zeroPageLoginEnabled" : false,
        "zeroPageLoginReferrerWhiteList" : [ ]
      },
      "postauthprocess" : {
        "usernameGeneratorClass" : "com.sun.identity.authentication.spi.DefaultUserIDGenerator",
        "loginFailureUrl" : [ "" ],
        "userAttributeSessionMapping" : [ ],
        "loginPostProcessClass" : [ ],
        "usernameGeneratorEnabled" : true,
        "loginSuccessUrl" : [ "/openam7/console" ]
      },
      "core" : {
        "orgConfig" : "[Empty]",
        "adminAuthModule" : "[Empty]"
      },
      "trees" : {
        "authenticationSessionsStateManagement" : "JWT",
        "suspendedAuthenticationTimeout" : 5,
        "authenticationSessionsWhitelist" : false,
        "authenticationSessionsMaxDuration" : 5
      }
    },
    "_type" : {
      "_id" : "EMPTY",
      "name" : "Core",
      "collection" : false
    }
  }
}