{
  "metadata" : {
    "realm" : null,
    "amsterVersion" : "7.0.1",
    "entityType" : "AuthenticatorOath",
    "entityId" : "AuthenticatorOath",
    "pathParams" : { }
  },
  "data" : {
    "_id" : "",
    "defaults" : {
      "oathAttrName" : "oathDeviceProfiles",
      "authenticatorOATHDeviceSettingsEncryptionScheme" : "NONE",
      "authenticatorOATHDeviceSettingsEncryptionKeystore" : "/home/forgerock/openam7/security/keystores/keystore.jks",
      "authenticatorOATHDeviceSettingsEncryptionKeystoreType" : "JKS",
      "authenticatorOATHDeviceSettingsEncryptionKeystorePassword" : null,
      "authenticatorOATHDeviceSettingsEncryptionKeystoreKeyPairAlias" : "pushDeviceProfiles",
      "authenticatorOATHSkippableName" : "oath2faEnabled"
    },
    "_type" : {
      "_id" : "authenticatorOathService",
      "name" : "ForgeRock Authenticator (OATH) Service",
      "collection" : false
    }
  }
}