{
  "metadata" : {
    "realm" : null,
    "amsterVersion" : "7.0.1",
    "entityType" : "CommonFederationConfiguration",
    "entityId" : "CommonFederationConfiguration",
    "pathParams" : { }
  },
  "data" : {
    "_id" : "",
    "generalConfig" : {
      "certificateChecking" : "on",
      "samlErrorPageHttpBinding" : "HTTP-POST",
      "maxContentLength" : 20480,
      "samlErrorPageUrl" : "/saml2/jsp/saml2error.jsp"
    },
    "implementationClasses" : {
      "configurationClass" : "com.sun.identity.plugin.configuration.impl.ConfigurationInstanceImpl",
      "rootUrlProviderClass" : "org.forgerock.openam.federation.plugin.rooturl.impl.FmRootUrlProvider",
      "signatureProviderClass" : "com.sun.identity.saml.xmlsig.AMSignatureProvider",
      "keyProviderClass" : "com.sun.identity.saml.xmlsig.JKSKeyProvider",
      "sessionProviderClass" : "com.sun.identity.plugin.session.impl.FMSessionProvider",
      "loggerClass" : "com.sun.identity.plugin.log.impl.LogProvider",
      "datastoreClass" : "com.sun.identity.plugin.datastore.impl.IdRepoDataStoreProvider",
      "passwordDecoderClass" : "com.sun.identity.saml.xmlsig.FMPasswordDecoder"
    },
    "algorithms" : {
      "transformationAlgorithm" : "http://www.w3.org/2001/10/xml-exc-c14n#",
      "rsaKeyTransportAlgorithm" : "http://www.w3.org/2001/04/xmlenc#rsa-oaep-mgf1p",
      "aesKeyWrapAlgorithm" : "http://www.w3.org/2001/04/xmlenc#kw-aes256",
      "QuerySignatureAlgorithmRSA" : "http://www.w3.org/2001/04/xmldsig-more#rsa-sha256",
      "signatureAlgorithm" : "http://www.w3.org/2001/04/xmldsig-more#rsa-sha256",
      "QuerySignatureAlgorithmEC" : "http://www.w3.org/2001/04/xmldsig-more#ecdsa-sha512",
      "maskGenerationFunction" : "http://www.w3.org/2009/xmlenc11#mgf1sha256",
      "canonicalizationAlgorithm" : "http://www.w3.org/2001/10/xml-exc-c14n#",
      "QuerySignatureAlgorithmDSA" : "http://www.w3.org/2009/xmldsig11#dsa-sha256",
      "DigestAlgorithm" : "http://www.w3.org/2001/04/xmlenc#sha256"
    },
    "montoring" : {
      "monitoringAgentClass" : "com.sun.identity.plugin.monitoring.impl.AgentProvider",
      "monitoringSaml2Class" : "com.sun.identity.plugin.monitoring.impl.FedMonSAML2SvcProvider"
    },
    "_type" : {
      "_id" : "federation/common",
      "name" : "Common Federation Configuration",
      "collection" : false
    }
  }
}