{
  "metadata" : {
    "realm" : null,
    "amsterVersion" : "7.0.1",
    "entityType" : "DeviceProfilesService",
    "entityId" : "DeviceProfilesService",
    "pathParams" : { }
  },
  "data" : {
    "_id" : "",
    "defaults" : {
      "deviceProfilesAttrName" : "deviceProfiles",
      "deviceProfilesSettingsEncryptionKeystore" : "/home/forgerock/openam7/security/keystores/keystore.jks",
      "deviceProfilesSettingsEncryptionScheme" : "NONE",
      "deviceProfilesSettingsEncryptionKeystoreType" : "JKS",
      "deviceProfilesSettingsEncryptionKeystorePassword" : null
    },
    "_type" : {
      "_id" : "deviceProfilesService",
      "name" : "Device Profiles Service",
      "collection" : false
    }
  }
}