{
  "metadata" : {
    "realm" : null,
    "amsterVersion" : "7.0.1",
    "entityType" : "DeviceIDService",
    "entityId" : "DeviceIDService",
    "pathParams" : { }
  },
  "data" : {
    "_id" : "",
    "defaults" : {
      "deviceIdSettingsEncryptionKeystore" : "/home/forgerock/openam7/security/keystores/keystore.jks",
      "deviceIdSettingsEncryptionKeystorePassword" : null,
      "deviceIdAttrName" : "devicePrintProfiles",
      "deviceIdSettingsEncryptionKeystoreType" : "JKS",
      "deviceIdSettingsEncryptionScheme" : "NONE"
    },
    "_type" : {
      "_id" : "deviceIdService",
      "name" : "Device ID Service",
      "collection" : false
    }
  }
}