{
  "metadata" : {
    "realm" : null,
    "amsterVersion" : "7.0.1",
    "entityType" : "GlobalSecretsSettings",
    "entityId" : "GlobalSecretsSettings",
    "pathParams" : { }
  },
  "data" : {
    "_id" : "",
    "storeTypes" : [ "EnvironmentAndSystemPropertySecretStore", "KeyStoreSecretStore", "GoogleKeyManagementServiceSecretStore", "HsmSecretStore", "FileSystemSecretStore" ],
    "_type" : {
      "_id" : "GlobalSecrets",
      "name" : "Global Secrets Settings",
      "collection" : false
    }
  }
}