{
  "metadata" : {
    "realm" : null,
    "amsterVersion" : "7.0.1",
    "entityType" : "HotpModule",
    "entityId" : "HotpModule",
    "pathParams" : { }
  },
  "data" : {
    "_id" : "",
    "defaults" : {
      "autoSendOTP" : false,
      "smtpHostPort" : 465,
      "smtpSslEnabled" : "SSL",
      "userProfileEmailAttribute" : "mail",
      "smtpUsername" : "opensso.sun",
      "otpMaxRetry" : 3,
      "otpDeliveryMethod" : "SMS and E-mail",
      "otpLength" : "8",
      "smsGatewayClass" : "com.sun.identity.authentication.modules.hotp.DefaultSMSGatewayImpl",
      "smtpHostname" : "smtp.gmail.com",
      "authenticationLevel" : 0,
      "mobileCarrierAttribute" : "",
      "otpValidityDuration" : 5,
      "userProfileTelephoneAttribute" : "telephoneNumber",
      "smtpFromAddress" : "no-reply@openam.org",
      "smtpUserPassword" : null
    },
    "_type" : {
      "_id" : "hotp",
      "name" : "HOTP",
      "collection" : false
    }
  }
}