{
  "metadata" : {
    "realm" : null,
    "amsterVersion" : "7.0.1",
    "entityType" : "IDMProvisioning",
    "entityId" : "IDMProvisioning",
    "pathParams" : { }
  },
  "data" : {
    "_id" : "",
    "provisioningEncryptionKeyAlias" : "",
    "provisioningEncryptionAlgorithm" : "",
    "provisioningEncryptionMethod" : "",
    "provisioningSigningKeyAlias" : "",
    "idmProvisioningClient" : "idm-provisioning",
    "idmDeploymentPath" : "openidm",
    "jwtSigningCompatibilityMode" : false,
    "idmDeploymentUrl" : "http://localhost:9090",
    "enabled" : true,
    "provisioningSigningAlgorithm" : "",
    "_type" : {
      "_id" : "idm-integration",
      "name" : "IdmIntegrationService",
      "collection" : false
    }
  }
}