{
  "metadata" : {
    "realm" : null,
    "amsterVersion" : "7.0.1",
    "entityType" : "JdbcModule",
    "entityId" : "JdbcModule",
    "pathParams" : { }
  },
  "data" : {
    "_id" : "",
    "defaults" : {
      "jdbcUrl" : "jdbc:mysql://127.0.0.1:3306/test",
      "connectionType" : "JNDI",
      "username" : "root",
      "passwordStatement" : "select PASSWORD_COLUMN from TABLE where USERNAME_COLUMN = ?",
      "passwordTransformClass" : "com.sun.identity.authentication.modules.jdbc.ClearTextTransform",
      "connectionPoolJndiName" : "java:comp/env/jdbc/samplePool",
      "password" : null,
      "jdbcDriver" : "com.mysql.jdbc.Driver",
      "authenticationLevel" : 0,
      "passwordColumn" : "PASSWORD_COLUMN"
    },
    "_type" : {
      "_id" : "jdbc",
      "name" : "JDBC",
      "collection" : false
    }
  }
}