{
  "metadata" : {
    "realm" : null,
    "amsterVersion" : "7.0.1",
    "entityType" : "LegacyUserSelfService",
    "entityId" : "LegacyUserSelfService",
    "pathParams" : { }
  },
  "data" : {
    "_id" : "",
    "defaults" : {
      "forgotPasswordTokenLifetime" : 900,
      "selfServiceEnabled" : false,
      "selfRegistrationConfirmationUrl" : "http://localhost:8080/openam7/XUI/confirm.html",
      "forgotPasswordEnabled" : false,
      "selfRegistrationTokenLifetime" : 900,
      "selfRegistrationEnabled" : false,
      "forgotPasswordConfirmationUrl" : "http://localhost:8080/openam7/XUI/confirm.html",
      "userRegisteredDestination" : "default",
      "confirmationIdHmacKey" : "tHG+tQ1Z8A0iiS73AwBqTA40YuI7AFGZvYYAGXuZMmQ=",
      "protectedUserAttributes" : [ ]
    },
    "_type" : {
      "_id" : "security",
      "name" : "Legacy User Self Service",
      "collection" : false
    }
  }
}