{
  "metadata" : {
    "realm" : null,
    "amsterVersion" : "7.0.1",
    "entityType" : "SelfServiceTrees",
    "entityId" : "SelfServiceTrees",
    "pathParams" : { }
  },
  "data" : {
    "_id" : "",
    "defaults" : {
      "treeMapping" : {
        "registration" : "PlatformRegistration",
        "resetPassword" : "PlatformResetPassword",
        "login" : "PlatformLogin"
      },
      "enabled" : true
    },
    "_type" : {
      "_id" : "selfServiceTrees",
      "name" : "Self Service Trees",
      "collection" : false
    }
  }
}