{
  "metadata" : {
    "realm" : null,
    "amsterVersion" : "7.0.1",
    "entityType" : "SocialAuthOAuth2Module",
    "entityId" : "SocialAuthOAuth2Module",
    "pathParams" : { }
  },
  "data" : {
    "_id" : "",
    "defaults" : {
      "core" : {
        "usesBasicAuth" : true,
        "logoutBehaviour" : "prompt",
        "ssoProxyUrl" : "http://localhost:8080/openam7/oauth2c/OAuthProxy.jsp",
        "scope" : [ ],
        "logoutServiceUrl" : "",
        "authenticationLevel" : 0,
        "mixUpMitigation" : false
      },
      "emailSettings" : {
        "emailGateway" : "org.forgerock.openam.authentication.modules.oauth2.DefaultEmailGatewayImpl",
        "smtpPort" : "25",
        "smtpUsername" : "",
        "smtpHost" : "localhost",
        "emailAttribute" : ""
      },
      "accountProvisioning" : {
        "accountProviderClass" : "org.forgerock.openam.authentication.modules.common.mapping.DefaultAccountProvider",
        "attributeMappingClasses" : [ ],
        "accountMapperConfiguration" : [ ],
        "mapToAnonymousUser" : false,
        "attributeMapperConfiguration" : [ ],
        "createAccount" : true,
        "enableRegistrationService" : false,
        "promptPasswordFlag" : false,
        "anonymousUserName" : "anonymous",
        "saveAttributesInSession" : true
      }
    },
    "_type" : {
      "_id" : "authSocialOAuth2",
      "name" : "Social Auth OAuth2",
      "collection" : false
    }
  }
}