{
  "metadata" : {
    "realm" : null,
    "amsterVersion" : "7.0.1",
    "entityType" : "SocialAuthWeChatModule",
    "entityId" : "SocialAuthWeChatModule",
    "pathParams" : { }
  },
  "data" : {
    "_id" : "",
    "defaults" : {
      "core" : {
        "usesBasicAuth" : false,
        "tokenEndpoint" : "https://api.wechat.com/sns/oauth2/access_token",
        "subjectProperty" : "openid",
        "provider" : "WeChat",
        "ssoProxyUrl" : "http://localhost:8080/openam7/oauth2c/OAuthProxy.jsp",
        "scope" : [ "snsapi_login" ],
        "userInfoEndpoint" : "https://api.wechat.com/sns/userinfo",
        "authorizeEndpoint" : "https://open.weixin.qq.com/connect/qrconnect",
        "authenticationLevel" : 0
      },
      "emailSettings" : {
        "emailGateway" : "org.forgerock.openam.authentication.modules.oauth2.DefaultEmailGatewayImpl",
        "smtpPort" : "25",
        "smtpUsername" : "",
        "smtpHost" : "localhost",
        "emailAttribute" : ""
      },
      "accountProvisioning" : {
        "accountProviderClass" : "org.forgerock.openam.authentication.modules.common.mapping.DefaultAccountProvider",
        "attributeMappingClasses" : [ "org.forgerock.openam.authentication.modules.common.mapping.JsonAttributeMapper|uid|wechat-" ],
        "accountMapperConfiguration" : [ "openid=uid" ],
        "mapToAnonymousUser" : false,
        "attributeMapperConfiguration" : [ "nickname=givenName", "openid=uid", "nickname=cn", "nickname=sn" ],
        "createAccount" : true,
        "enableRegistrationService" : false,
        "accountMapperClass" : "org.forgerock.openam.authentication.modules.common.mapping.JsonAttributeMapper|*|wechat-",
        "promptPasswordFlag" : false,
        "anonymousUserName" : "anonymous",
        "saveAttributesInSession" : true
      }
    },
    "_type" : {
      "_id" : "authSocialWeChat",
      "name" : "Social Auth WeChat",
      "collection" : false
    }
  }
}