{
  "metadata" : {
    "realm" : "/",
    "amsterVersion" : "7.0.1",
    "entityType" : "OAuth2Client",
    "entityId" : "amazon",
    "pathParams" : { }
  },
  "data" : {
    "_id" : "amazon",
    "uiConfig" : {
      "iconClass" : "fa-amazon",
      "buttonCustomStyle" : "background: linear-gradient(to bottom, #f7e09f 15%,#f5c646 85%);color: black;border-color: #b48c24;",
      "iconFontColor" : "black",
      "buttonDisplayName" : "Amazon",
      "buttonImage" : "",
      "buttonClass" : "fa-amazon",
      "iconBackground" : "#f0c14b",
      "buttonCustomStyleHover" : "background: linear-gradient(to bottom, #f6c94e 15%,#f6c94e 85%);color: black;border-color: #b48c24;"
    },
    "redirectURI" : "https://localhost:8443/openam",
    "transform" : "6b3cfd48-62d3-48ff-a96f-fe8f3a22ab30",
    "authorizationEndpoint" : "https://www.amazon.com/ap/oa",
    "tokenEndpoint" : "https://api.amazon.com/auth/o2/token",
    "basicAuth" : false,
    "pkceMethod" : "S256",
    "enabled" : false,
    "userInfoEndpoint" : "https://api.amazon.com/user/profile",
    "authenticationIdKey" : "user_id",
    "scopeDelimiter" : " ",
    "scopes" : [ "profile" ],
    "_type" : {
      "_id" : "oauth2Config",
      "name" : "Client configuration for providers that implement the OAuth2 specification.",
      "collection" : true
    }
  }
}