{
  "metadata" : {
    "realm" : "/",
    "amsterVersion" : "7.0.1",
    "entityType" : "OAuth2Client",
    "entityId" : "facebook",
    "pathParams" : { }
  },
  "data" : {
    "_id" : "facebook",
    "uiConfig" : {
      "iconFontColor" : "white",
      "iconClass" : "fa-facebook",
      "buttonClass" : "fa-facebook-official",
      "iconBackground" : "#3b5998",
      "buttonImage" : "",
      "buttonCustomStyle" : "background-color: #3b5998;border-color: #3b5998; color: white;",
      "buttonDisplayName" : "Facebook",
      "buttonCustomStyleHover" : "background-color: #334b7d;border-color: #334b7d; color: white;"
    },
    "transform" : "bae1d54a-e97d-4997-aa5d-c027f21af82c",
    "redirectURI" : "https://localhost:8443/openam",
    "tokenEndpoint" : "https://graph.facebook.com/v2.7/oauth/access_token",
    "basicAuth" : false,
    "authenticationIdKey" : "id",
    "scopes" : [ "email", "user_birthday" ],
    "pkceMethod" : "S256",
    "enabled" : false,
    "authorizationEndpoint" : "https://www.facebook.com/dialog/oauth",
    "scopeDelimiter" : " ",
    "userInfoEndpoint" : "https://graph.facebook.com/me?fields=id,name,picture,email,first_name,last_name,locale",
    "_type" : {
      "_id" : "oauth2Config",
      "name" : "Client configuration for providers that implement the OAuth2 specification.",
      "collection" : true
    }
  }
}