{
  "metadata" : {
    "realm" : "/",
    "amsterVersion" : "7.0.1",
    "entityType" : "OAuth2Client",
    "entityId" : "instagram",
    "pathParams" : { }
  },
  "data" : {
    "_id" : "instagram",
    "userInfoEndpoint" : "https://graph.instagram.com/me?fields=id,username",
    "uiConfig" : {
      "iconFontColor" : "white",
      "iconClass" : "fa-instagram",
      "buttonClass" : "fa-instagram",
      "buttonDisplayName" : "Instagram",
      "buttonCustomStyleHover" : "background-color: #305777; border-color: #305777;color: white;",
      "iconBackground" : "#3f729b",
      "buttonImage" : "",
      "buttonCustomStyle" : "background-color: #3f729b; border-color: #3f729b;color: white;"
    },
    "transform" : "1244e639-4a31-401d-ab61-d75133d8dc9e",
    "redirectURI" : "https://localhost:8443/openam",
    "scopes" : [ "user_profile" ],
    "authorizationEndpoint" : "https://api.instagram.com/oauth/authorize/",
    "basicAuth" : false,
    "authenticationIdKey" : "id",
    "pkceMethod" : "S256",
    "enabled" : false,
    "tokenEndpoint" : "https://api.instagram.com/oauth/access_token",
    "scopeDelimiter" : " ",
    "_type" : {
      "_id" : "oauth2Config",
      "name" : "Client configuration for providers that implement the OAuth2 specification.",
      "collection" : true
    }
  }
}