{
  "metadata" : {
    "realm" : "/",
    "amsterVersion" : "7.0.1",
    "entityType" : "OAuth2Client",
    "entityId" : "microsoft",
    "pathParams" : { }
  },
  "data" : {
    "_id" : "microsoft",
    "uiConfig" : {
      "iconFontColor" : "white",
      "buttonClass" : "",
      "buttonCustomStyleHover" : "background-color: #fff; border-color: #8b8b8b; color: #8b8b8b;",
      "iconBackground" : "#0078d7",
      "iconClass" : "fa-windows",
      "buttonImage" : "images/microsoft-logo.png",
      "buttonDisplayName" : "Microsoft",
      "buttonCustomStyle" : "background-color: #fff; border-color: #8b8b8b; color: #8b8b8b;"
    },
    "scopes" : [ "User.Read" ],
    "redirectURI" : "https://localhost:8443/openam",
    "authorizationEndpoint" : "https://login.microsoftonline.com/common/oauth2/v2.0/authorize",
    "tokenEndpoint" : "https://login.microsoftonline.com/common/oauth2/v2.0/token",
    "authenticationIdKey" : "id",
    "basicAuth" : false,
    "transform" : "73cecbfc-dad0-4395-be6a-6858ee3a80e5",
    "pkceMethod" : "S256",
    "enabled" : false,
    "userInfoEndpoint" : "https://graph.microsoft.com/v1.0/me",
    "scopeDelimiter" : " ",
    "_type" : {
      "_id" : "oauth2Config",
      "name" : "Client configuration for providers that implement the OAuth2 specification.",
      "collection" : true
    }
  }
}