{
  "metadata" : {
    "realm" : "/",
    "amsterVersion" : "7.0.1",
    "entityType" : "OAuth2Client",
    "entityId" : "salesforce",
    "pathParams" : { }
  },
  "data" : {
    "_id" : "salesforce",
    "uiConfig" : {
      "iconFontColor" : "white",
      "buttonCustomStyleHover" : "background-color: #21a0df; border-color: #21a0df; color: white;",
      "iconClass" : "fa-cloud",
      "buttonImage" : "",
      "buttonCustomStyle" : "background-color: #21a0df; border-color: #21a0df; color: white;",
      "buttonClass" : "fa-cloud",
      "iconBackground" : "#21a0df",
      "buttonDisplayName" : "Salesforce"
    },
    "transform" : "312e951f-70c5-49d2-a9ae-93aef909d5df",
    "redirectURI" : "https://localhost:8443/openam",
    "authorizationEndpoint" : "https://login.salesforce.com/services/oauth2/authorize",
    "userInfoEndpoint" : "https://login.salesforce.com/services/oauth2/userinfo",
    "basicAuth" : false,
    "pkceMethod" : "S256",
    "enabled" : false,
    "scopes" : [ "id", "api", "web" ],
    "tokenEndpoint" : "https://login.salesforce.com/services/oauth2/token",
    "authenticationIdKey" : "user_id",
    "scopeDelimiter" : " ",
    "_type" : {
      "_id" : "oauth2Config",
      "name" : "Client configuration for providers that implement the OAuth2 specification.",
      "collection" : true
    }
  }
}