{
  "metadata" : {
    "realm" : "/",
    "amsterVersion" : "7.0.1",
    "entityType" : "OAuth2Client",
    "entityId" : "wordpress",
    "pathParams" : { }
  },
  "data" : {
    "_id" : "wordpress",
    "uiConfig" : {
      "iconFontColor" : "white",
      "buttonCustomStyle" : "background-color: #0095cc; border-color: #0095cc; color:white;",
      "buttonClass" : "fa-wordpress",
      "buttonImage" : "",
      "buttonDisplayName" : "WordPress",
      "iconClass" : "fa-wordpress",
      "iconBackground" : "#0095cc",
      "buttonCustomStyleHover" : "background-color: #0095cc; border-color: #0095cc; color:white;"
    },
    "transform" : "91d197de-5916-4dca-83b5-9a4df26e7159",
    "redirectURI" : "https://localhost:8443/openam",
    "authenticationIdKey" : "username",
    "scopes" : [ "auth" ],
    "basicAuth" : false,
    "userInfoEndpoint" : "https://public-api.wordpress.com/rest/v1.1/me/",
    "pkceMethod" : "S256",
    "enabled" : false,
    "authorizationEndpoint" : "https://public-api.wordpress.com/oauth2/authorize",
    "tokenEndpoint" : "https://public-api.wordpress.com/oauth2/token",
    "scopeDelimiter" : " ",
    "_type" : {
      "_id" : "oauth2Config",
      "name" : "Client configuration for providers that implement the OAuth2 specification.",
      "collection" : true
    }
  }
}