{
  "metadata" : {
    "realm" : "/",
    "amsterVersion" : "7.0.1",
    "entityType" : "EmailSuspendNode",
    "entityId" : "2bccbcb3-6ec3-42d7-ad3f-0901fffd353f",
    "pathParams" : { }
  },
  "data" : {
    "_id" : "2bccbcb3-6ec3-42d7-ad3f-0901fffd353f",
    "emailSuspendMessage" : {
      "en" : "An email has been sent to your address, please verify  your email address to update your password. Click the link in that email to proceed."
    },
    "identityAttribute" : "userName",
    "objectLookup" : true,
    "emailAttribute" : "mail",
    "emailTemplateName" : "updatePassword",
    "_type" : {
      "_id" : "EmailSuspendNode",
      "name" : "Email Suspend Node",
      "collection" : true
    },
    "_outcomes" : [ {
      "id" : "outcome",
      "displayName" : "Outcome"
    } ]
  }
}