{
  "metadata" : {
    "realm" : "/",
    "amsterVersion" : "7.0.1",
    "entityType" : "EmailSuspendNode",
    "entityId" : "57811679-2bc1-4495-9b45-0109f8dd3263",
    "pathParams" : { }
  },
  "data" : {
    "_id" : "57811679-2bc1-4495-9b45-0109f8dd3263",
    "emailSuspendMessage" : {
      "en" : "An email has been sent to the address you entered. Click the link in that email to proceed."
    },
    "objectLookup" : true,
    "emailAttribute" : "mail",
    "emailTemplateName" : "resetPassword",
    "identityAttribute" : "mail",
    "_type" : {
      "_id" : "EmailSuspendNode",
      "name" : "Email Suspend Node",
      "collection" : true
    },
    "_outcomes" : [ {
      "id" : "outcome",
      "displayName" : "Outcome"
    } ]
  }
}