{
  "metadata" : {
    "realm" : "/",
    "amsterVersion" : "7.0.1",
    "entityType" : "LegacySMLogin",
    "entityId" : "45d98cbd-5e66-42e9-a65b-3b30ff953224",
    "pathParams" : { }
  },
  "data" : {
    "_id" : "45d98cbd-5e66-42e9-a65b-3b30ff953224",
    "authenticationPort" : 44442,
    "webAgentName" : "iisagent",
    "is4xAgent" : true,
    "timeout" : 60,
    "debug" : true,
    "policyServerIP" : "96.67.149.166",
    "legacyCookieDomain" : "modernize.com",
    "webAgentPasswordSecretId" : "iisagentsecretid",
    "protectedResource" : "/sales",
    "protectedResourceAction" : "GET",
    "connectionMin" : 2,
    "connectionStep" : 2,
    "connectionMax" : 20,
    "legacyCookieName" : "SMSESSION",
    "accountingPort" : 44441,
    "authorizationPort" : 44443,
    "_type" : {
      "_id" : "LegacySMLogin",
      "name" : "Legacy-SM-Login",
      "collection" : true
    },
    "_outcomes" : [ {
      "id" : "true",
      "displayName" : "True"
    }, {
      "id" : "false",
      "displayName" : "False"
    } ]
  }
}