{
  "metadata" : {
    "realm" : "/",
    "amsterVersion" : "7.0.1",
    "entityType" : "OAuth2Provider",
    "entityId" : "OAuth2Provider",
    "pathParams" : { }
  },
  "data" : {
    "_id" : "",
    "coreOIDCConfig" : {
      "supportedIDTokenSigningAlgorithms" : [ "RS384", "RS256", "PS512", "ES512", "HS384", "HS256", "PS256", "ES256", "PS384", "ES384", "RS512", "HS512" ],
      "supportedIDTokenEncryptionAlgorithms" : [ "A128KW", "A192KW", "ECDH-ES+A256KW", "RSA-OAEP-256", "RSA-OAEP", "A256KW", "ECDH-ES+A128KW", "ECDH-ES+A192KW", "ECDH-ES", "dir" ],
      "supportedIDTokenEncryptionMethods" : [ "A256GCM", "A128GCM", "A256CBC-HS512", "A128CBC-HS256", "A192CBC-HS384", "A192GCM" ],
      "supportedClaims" : [ ],
      "oidcClaimsScript" : "36863ffb-40ec-48b9-94b1-9a99f71cc3b5",
      "jwtTokenLifetime" : 3600
    },
    "cibaConfig" : {
      "supportedCibaSigningAlgorithms" : [ "ES256", "PS256" ],
      "cibaMinimumPollingInterval" : 2,
      "cibaAuthReqIdLifetime" : 600
    },
    "advancedOIDCConfig" : {
      "supportedTokenIntrospectionResponseSigningAlgorithms" : [ "ES384", "PS384", "ES256", "PS256", "PS512", "EdDSA", "HS512", "RS384", "RS256", "RS512", "HS256", "ES512", "HS384" ],
      "supportedRequestParameterSigningAlgorithms" : [ "RS256", "ES512", "PS512", "RS384", "HS512", "ES256", "ES384", "HS256", "HS384", "PS384", "RS512", "PS256" ],
      "supportedRequestParameterEncryptionAlgorithms" : [ "RSA-OAEP-256", "ECDH-ES", "ECDH-ES+A192KW", "ECDH-ES+A128KW", "A256KW", "RSA-OAEP", "dir", "A128KW", "ECDH-ES+A256KW", "A192KW" ],
      "supportedUserInfoEncryptionEnc" : [ "A256GCM", "A128CBC-HS256", "A192CBC-HS384", "A192GCM", "A128GCM", "A256CBC-HS512" ],
      "supportedUserInfoEncryptionAlgorithms" : [ "RSA-OAEP", "dir", "A256KW", "ECDH-ES+A256KW", "ECDH-ES", "RSA-OAEP-256", "A128KW", "ECDH-ES+A192KW", "A192KW", "ECDH-ES+A128KW" ],
      "supportedRequestParameterEncryptionEnc" : [ "A128GCM", "A256GCM", "A192CBC-HS384", "A256CBC-HS512", "A128CBC-HS256", "A192GCM" ],
      "storeOpsTokens" : true,
      "supportedTokenIntrospectionResponseEncryptionEnc" : [ "A128CBC-HS256", "A192CBC-HS384", "A256GCM", "A256CBC-HS512", "A128GCM", "A192GCM" ],
      "supportedTokenIntrospectionResponseEncryptionAlgorithms" : [ "RSA-OAEP-256", "ECDH-ES+A256KW", "A128KW", "A192KW", "RSA-OAEP", "ECDH-ES+A192KW", "A256KW", "ECDH-ES", "ECDH-ES+A128KW", "dir" ],
      "authorisedOpenIdConnectSSOClients" : [ ],
      "supportedTokenEndpointAuthenticationSigningAlgorithms" : [ "RS512", "RS384", "RS256", "ES512", "HS256", "HS384", "PS512", "ES384", "PS256", "ES256", "HS512", "PS384" ],
      "supportedUserInfoSigningAlgorithms" : [ "ES256", "HS512", "ES512", "HS384", "RS256", "ES384", "HS256" ],
      "idTokenInfoClientAuthenticationEnabled" : true,
      "loaMapping" : { },
      "amrMappings" : { },
      "defaultACR" : [ ],
      "alwaysAddClaimsToToken" : false,
      "claimsParameterSupported" : false,
      "authorisedIdmDelegationClients" : [ ]
    },
    "consent" : {
      "supportedRcsRequestEncryptionMethods" : [ "A256GCM", "A256CBC-HS512", "A192GCM", "A128CBC-HS256", "A128GCM", "A192CBC-HS384" ],
      "supportedRcsRequestSigningAlgorithms" : [ "RS512", "PS384", "PS256", "HS256", "HS384", "ES512", "RS256", "RS384", "HS512", "ES384", "ES256", "PS512" ],
      "clientsCanSkipConsent" : true,
      "supportedRcsResponseEncryptionAlgorithms" : [ "ECDH-ES+A256KW", "dir", "A256KW", "ECDH-ES+A192KW", "RSA-OAEP-256", "ECDH-ES", "ECDH-ES+A128KW", "A128KW", "A192KW", "RSA-OAEP" ],
      "supportedRcsResponseSigningAlgorithms" : [ "PS256", "ES384", "RS512", "ES256", "HS512", "PS384", "RS256", "ES512", "PS512", "HS384", "HS256", "RS384" ],
      "supportedRcsResponseEncryptionMethods" : [ "A256CBC-HS512", "A192CBC-HS384", "A256GCM", "A128GCM", "A192GCM", "A128CBC-HS256" ],
      "supportedRcsRequestEncryptionAlgorithms" : [ "dir", "A192KW", "RSA-OAEP-256", "ECDH-ES+A256KW", "RSA-OAEP", "ECDH-ES", "A256KW", "A128KW", "ECDH-ES+A128KW", "ECDH-ES+A192KW" ],
      "enableRemoteConsent" : false,
      "remoteConsentServiceId" : "[Empty]"
    },
    "advancedOAuth2Config" : {
      "supportedScopes" : [ "fr:idm:*", "am-introspect-all-tokens", "openid" ],
      "defaultScopes" : [ ],
      "grantTypes" : [ "implicit", "authorization_code", "urn:ietf:params:oauth:grant-type:saml2-bearer", "urn:ietf:params:oauth:grant-type:device_code", "refresh_token", "urn:ietf:params:oauth:grant-type:jwt-bearer", "password", "client_credentials", "urn:openid:params:grant-type:ciba", "urn:ietf:params:oauth:grant-type:uma-ticket" ],
      "displayNameAttribute" : "cn",
      "tlsCertificateRevocationCheckingEnabled" : false,
      "responseTypeClasses" : [ "token|org.forgerock.oauth2.core.TokenResponseTypeHandler", "code|org.forgerock.oauth2.core.AuthorizationCodeResponseTypeHandler", "device_code|org.forgerock.oauth2.core.TokenResponseTypeHandler", "id_token|org.forgerock.openidconnect.IdTokenResponseTypeHandler" ],
      "codeVerifierEnforced" : "false",
      "moduleMessageEnabledInPasswordGrant" : false,
      "tokenEncryptionEnabled" : false,
      "tokenCompressionEnabled" : false,
      "allowedAudienceValues" : [ ],
      "supportedSubjectTypes" : [ "public" ],
      "tlsClientCertificateHeaderFormat" : "URLENCODED_PEM",
      "authenticationAttributes" : [ "uid" ],
      "hashSalt" : "changeme",
      "passwordGrantAuthService" : "[Empty]",
      "scopeImplementationClass" : "org.forgerock.openam.oauth2.OpenAMScopeValidator",
      "macaroonTokenFormat" : "V2",
      "tlsCertificateBoundAccessTokensEnabled" : true,
      "tokenSigningAlgorithm" : "HS256"
    },
    "coreOAuth2Config" : {
      "issueRefreshTokenOnRefreshedToken" : true,
      "issueRefreshToken" : true,
      "macaroonTokensEnabled" : false,
      "statelessTokensEnabled" : false,
      "refreshTokenLifetime" : 604800,
      "usePolicyEngineForScope" : false,
      "accessTokenModificationScript" : "d22f9a0c-426a-4466-b95e-d0f125b0d5fa",
      "codeLifetime" : 120,
      "accessTokenLifetime" : 3600
    },
    "deviceCodeConfig" : {
      "deviceCodeLifetime" : 300,
      "devicePollInterval" : 5
    },
    "clientDynamicRegistrationConfig" : {
      "generateRegistrationAccessTokens" : true,
      "dynamicClientRegistrationSoftwareStatementRequired" : false,
      "dynamicClientRegistrationScope" : "dynamic_client_registration",
      "requiredSoftwareStatementAttestedAttributes" : [ "redirect_uris" ],
      "allowDynamicRegistration" : false
    },
    "_type" : {
      "_id" : "oauth-oidc",
      "name" : "OAuth2 Provider",
      "collection" : false
    }
  }
}