{
  "metadata" : {
    "realm" : "/",
    "amsterVersion" : "7.0.1",
    "entityType" : "SelfServiceTreeConfig",
    "entityId" : "SelfServiceTreeConfig",
    "pathParams" : { }
  },
  "data" : {
    "_id" : "",
    "treeMapping" : {
      "forgottenUsername" : "PlatformForgottenUsername",
      "registration" : "PlatformRegistration",
      "updatePassword" : "PlatformUpdatePassword",
      "resetPassword" : "PlatformResetPassword"
    },
    "enabled" : true,
    "_type" : {
      "_id" : "selfServiceTrees",
      "name" : "Self Service Trees",
      "collection" : false
    }
  }
}