{
  "metadata" : {
    "realm" : "/",
    "amsterVersion" : "7.0.1",
    "entityType" : "SocialGoogle",
    "entityId" : "3ed50626-d109-4916-a90e-fbf822d8ec9f",
    "pathParams" : { }
  },
  "data" : {
    "_id" : "3ed50626-d109-4916-a90e-fbf822d8ec9f",
    "authenticationIdKey" : "sub",
    "clientId" : "aClientId",
    "basicAuth" : true,
    "provider" : "google",
    "tokenEndpoint" : "https://www.googleapis.com/oauth2/v4/token",
    "cfgAttributeMappingConfiguration" : {
      "name" : "cn",
      "given_name" : "givenName",
      "email" : "mail",
      "sub" : "iplanet-am-user-alias-list",
      "family_name" : "sn"
    },
    "scopeString" : "profile email",
    "cfgAccountProviderClass" : "org.forgerock.openam.authentication.modules.common.mapping.DefaultAccountProvider",
    "cfgMixUpMitigation" : false,
    "cfgAccountMapperConfiguration" : {
      "sub" : "iplanet-am-user-alias-list"
    },
    "cfgAttributeMappingClasses" : [ "org.forgerock.openam.authentication.modules.common.mapping.JsonAttributeMapper|iplanet-am-user-alias-list|google-" ],
    "authorizeEndpoint" : "https://accounts.google.com/o/oauth2/v2/auth",
    "cfgAccountMapperClass" : "org.forgerock.openam.authentication.modules.common.mapping.JsonAttributeMapper|*|google-",
    "saveUserAttributesToSession" : true,
    "redirectURI" : "http://localhost:8080/openam7",
    "userInfoEndpoint" : "https://www.googleapis.com/oauth2/v3/userinfo",
    "clientSecret" : null,
    "_type" : {
      "_id" : "SocialGoogleNode",
      "name" : "Social Google",
      "collection" : true
    },
    "_outcomes" : [ {
      "id" : "ACCOUNT_EXISTS",
      "displayName" : "Account exists"
    }, {
      "id" : "NO_ACCOUNT",
      "displayName" : "No account exists"
    } ]
  }
}