{
  "metadata" : {
    "realm" : "/",
    "amsterVersion" : "7.0.1",
    "entityType" : "DataStoreDecision",
    "entityId" : "0e4e2b8a-7d72-47c7-93fd-ffd66e9bd576",
    "pathParams" : { }
  },
  "data" : {
    "_id" : "0e4e2b8a-7d72-47c7-93fd-ffd66e9bd576",
    "_type" : {
      "_id" : "DataStoreDecisionNode",
      "name" : "Data Store Decision",
      "collection" : true
    },
    "_outcomes" : [ {
      "id" : "true",
      "displayName" : "True"
    }, {
      "id" : "false",
      "displayName" : "False"
    } ]
  }
}