{
  "metadata" : {
    "realm" : "/",
    "amsterVersion" : "7.0.1",
    "entityType" : "DataStoreDecision",
    "entityId" : "4deea2f6-7c69-41df-a6ac-144948743727",
    "pathParams" : { }
  },
  "data" : {
    "_id" : "4deea2f6-7c69-41df-a6ac-144948743727",
    "_type" : {
      "_id" : "DataStoreDecisionNode",
      "name" : "Data Store Decision",
      "collection" : true
    },
    "_outcomes" : [ {
      "id" : "true",
      "displayName" : "True"
    }, {
      "id" : "false",
      "displayName" : "False"
    } ]
  }
}