{
  "metadata" : {
    "realm" : "/",
    "amsterVersion" : "7.0.1",
    "entityType" : "DataStoreDecision",
    "entityId" : "5f0182f6-0bf3-41c5-833c-3d0f3fbf7b22",
    "pathParams" : { }
  },
  "data" : {
    "_id" : "5f0182f6-0bf3-41c5-833c-3d0f3fbf7b22",
    "_type" : {
      "_id" : "DataStoreDecisionNode",
      "name" : "Data Store Decision",
      "collection" : true
    },
    "_outcomes" : [ {
      "id" : "true",
      "displayName" : "True"
    }, {
      "id" : "false",
      "displayName" : "False"
    } ]
  }
}