{
  "metadata" : {
    "realm" : "/",
    "amsterVersion" : "7.0.1",
    "entityType" : "DataStoreDecision",
    "entityId" : "80c8677c-0ede-4cc6-afd5-48d0acaf61a4",
    "pathParams" : { }
  },
  "data" : {
    "_id" : "80c8677c-0ede-4cc6-afd5-48d0acaf61a4",
    "_type" : {
      "_id" : "DataStoreDecisionNode",
      "name" : "Data Store Decision",
      "collection" : true
    },
    "_outcomes" : [ {
      "id" : "true",
      "displayName" : "True"
    }, {
      "id" : "false",
      "displayName" : "False"
    } ]
  }
}