{
  "metadata" : {
    "realm" : "/",
    "amsterVersion" : "7.0.1",
    "entityType" : "DataStoreDecision",
    "entityId" : "e82d0366-8e2b-45ee-baf5-40a5c974224e",
    "pathParams" : { }
  },
  "data" : {
    "_id" : "e82d0366-8e2b-45ee-baf5-40a5c974224e",
    "_type" : {
      "_id" : "DataStoreDecisionNode",
      "name" : "Data Store Decision",
      "collection" : true
    },
    "_outcomes" : [ {
      "id" : "true",
      "displayName" : "True"
    }, {
      "id" : "false",
      "displayName" : "False"
    } ]
  }
}