{
  "metadata" : {
    "realm" : "/",
    "amsterVersion" : "7.0.1",
    "entityType" : "HotpModule",
    "entityId" : "HOTP",
    "pathParams" : { }
  },
  "data" : {
    "_id" : "HOTP",
    "smtpFromAddress" : "no-reply@openam.org",
    "smtpUsername" : "opensso.sun",
    "smtpHostname" : "smtp.gmail.com",
    "authenticationLevel" : 0,
    "otpMaxRetry" : 3,
    "otpLength" : "8",
    "autoSendOTP" : false,
    "smtpHostPort" : 465,
    "userProfileEmailAttribute" : "mail",
    "otpValidityDuration" : 5,
    "otpDeliveryMethod" : "SMS and E-mail",
    "smsGatewayClass" : "com.sun.identity.authentication.modules.hotp.DefaultSMSGatewayImpl",
    "userProfileTelephoneAttribute" : "telephoneNumber",
    "smtpSslEnabled" : "SSL",
    "smtpUserPassword" : null,
    "_type" : {
      "_id" : "hotp",
      "name" : "HOTP",
      "collection" : true
    }
  }
}