{
  "metadata" : {
    "realm" : "/",
    "amsterVersion" : "7.0.1",
    "entityType" : "LegacySMCreateForgeRockUser",
    "entityId" : "1c70325c-7dc3-47a4-8f13-2e1b88b6e59d",
    "pathParams" : { }
  },
  "data" : {
    "_id" : "1c70325c-7dc3-47a4-8f13-2e1b88b6e59d",
    "authenticationPort" : 44442,
    "smAdminPasswordSecretId" : "siteminderadminsecretid",
    "smDirectoryRoot" : "dc=kapstone,dc=com",
    "webAgentName" : "iisagent",
    "is4xAgent" : true,
    "timeout" : 60,
    "debug" : true,
    "smUserSearchAttr" : "samaccountname",
    "smUserDirectory" : "ad",
    "policyServerIP" : "96.67.149.166",
    "smUserSearchClass" : "user",
    "webAgentPasswordSecretId" : "iisagentsecretid",
    "migrationAttributesMap" : {
      "givenName" : "givenName",
      "mail" : "mail"
    },
    "connectionMin" : 2,
    "connectionStep" : 2,
    "smAdminUser" : "siteminder",
    "connectionMax" : 20,
    "setPasswordReset" : false,
    "accountingPort" : 44441,
    "authorizationPort" : 44443,
    "_type" : {
      "_id" : "LegacySMCreateForgeRockUser",
      "name" : "Legacy-SM-Create FR User",
      "collection" : true
    },
    "_outcomes" : [ {
      "id" : "true",
      "displayName" : "True"
    }, {
      "id" : "false",
      "displayName" : "False"
    } ]
  }
}