{
  "metadata" : {
    "realm" : "/",
    "amsterVersion" : "7.0.1",
    "entityType" : "CreateObject",
    "entityId" : "2ac5b7a2-732e-4d5c-a644-97b0a2679810",
    "pathParams" : { }
  },
  "data" : {
    "_id" : "2ac5b7a2-732e-4d5c-a644-97b0a2679810",
    "identityResource" : "managed/user",
    "_type" : {
      "_id" : "CreateObjectNode",
      "name" : "Create Object",
      "collection" : true
    },
    "_outcomes" : [ {
      "id" : "CREATED",
      "displayName" : "Created"
    }, {
      "id" : "FAILURE",
      "displayName" : "Failed"
    } ]
  }
}