{
  "metadata" : {
    "realm" : "/",
    "amsterVersion" : "7.0.1",
    "entityType" : "CreateObject",
    "entityId" : "c8b04e24-1954-4143-a93d-088f591dec36",
    "pathParams" : { }
  },
  "data" : {
    "_id" : "c8b04e24-1954-4143-a93d-088f591dec36",
    "identityResource" : "managed/user",
    "_type" : {
      "_id" : "CreateObjectNode",
      "name" : "Create Object",
      "collection" : true
    },
    "_outcomes" : [ {
      "id" : "CREATED",
      "displayName" : "Created"
    }, {
      "id" : "FAILURE",
      "displayName" : "Failed"
    } ]
  }
}