{
  "metadata" : {
    "realm" : "/",
    "amsterVersion" : "7.0.1",
    "entityType" : "WeChatClient",
    "entityId" : "wechat",
    "pathParams" : { }
  },
  "data" : {
    "_id" : "wechat",
    "uiConfig" : {
      "iconBackground" : "#09b507",
      "iconFontColor" : "white",
      "iconClass" : "fa-weixin",
      "buttonCustomStyle" : "background-color: #09b507; border-color: #09b507;color: white;",
      "buttonCustomStyleHover" : "background-color: #09a007; border-color: #09a007;color: white;",
      "buttonClass" : "fa-weixin",
      "buttonImage" : "",
      "buttonDisplayName" : "WeChat"
    },
    "redirectURI" : "https://localhost:8443/openam",
    "authenticationIdKey" : "openid",
    "scopes" : [ "snsapi_login" ],
    "tokenEndpoint" : "https://api.wechat.com/sns/oauth2/access_token",
    "basicAuth" : false,
    "transform" : "472534ec-a25f-468d-a606-3fb1935190df",
    "refreshTokenEndpoint" : "https://api.wechat.com/sns/oauth2/refresh_token",
    "pkceMethod" : "S256",
    "enabled" : false,
    "userInfoEndpoint" : "https://api.wechat.com/sns/userinfo",
    "authorizationEndpoint" : "https://open.weixin.qq.com/connect/qrconnect",
    "scopeDelimiter" : " ",
    "_type" : {
      "_id" : "weChatConfig",
      "name" : "Client configuration for WeChat.",
      "collection" : true
    }
  }
}