{
  "metadata" : {
    "realm" : "/",
    "amsterVersion" : "7.0.1",
    "entityType" : "PersistentCookieDecision",
    "entityId" : "523deab3-e717-40e5-90f4-8aa9e30ee526",
    "pathParams" : { }
  },
  "data" : {
    "_id" : "523deab3-e717-40e5-90f4-8aa9e30ee526",
    "useHttpOnlyCookie" : true,
    "enforceClientIp" : false,
    "useSecureCookie" : false,
    "hmacSigningKey" : null,
    "idleTimeout" : 5,
    "persistentCookieName" : "session-jwt",
    "_type" : {
      "_id" : "PersistentCookieDecisionNode",
      "name" : "Persistent Cookie Decision",
      "collection" : true
    },
    "_outcomes" : [ {
      "id" : "true",
      "displayName" : "True"
    }, {
      "id" : "false",
      "displayName" : "False"
    } ]
  }
}