{
  "metadata" : {
    "realm" : "/",
    "amsterVersion" : "7.0.1",
    "entityType" : "AttributeCollector",
    "entityId" : "4379003b-11e6-4d47-828b-d9db10489c47",
    "pathParams" : { }
  },
  "data" : {
    "_id" : "4379003b-11e6-4d47-828b-d9db10489c47",
    "required" : true,
    "identityAttribute" : "userName",
    "attributesToCollect" : [ "userName" ],
    "validateInputs" : false,
    "_type" : {
      "_id" : "AttributeCollectorNode",
      "name" : "Attribute Collector",
      "collection" : true
    },
    "_outcomes" : [ {
      "id" : "outcome",
      "displayName" : "Outcome"
    } ]
  }
}