{
  "metadata" : {
    "realm" : "/",
    "amsterVersion" : "7.0.1",
    "entityType" : "AttributeCollector",
    "entityId" : "8ca97a55-2b29-40ef-89ca-156cc55700d8",
    "pathParams" : { }
  },
  "data" : {
    "_id" : "8ca97a55-2b29-40ef-89ca-156cc55700d8",
    "attributesToCollect" : [ "givenName", "sn", "mail", "preferences/marketing", "preferences/updates" ],
    "identityAttribute" : "userName",
    "required" : true,
    "validateInputs" : true,
    "_type" : {
      "_id" : "AttributeCollectorNode",
      "name" : "Attribute Collector",
      "collection" : true
    },
    "_outcomes" : [ {
      "id" : "outcome",
      "displayName" : "Outcome"
    } ]
  }
}