{
  "metadata" : {
    "realm" : "/",
    "amsterVersion" : "7.0.1",
    "entityType" : "AttributeCollector",
    "entityId" : "94b6a64c-0df1-4020-b698-404ca938ef32",
    "pathParams" : { }
  },
  "data" : {
    "_id" : "94b6a64c-0df1-4020-b698-404ca938ef32",
    "required" : true,
    "validateInputs" : false,
    "attributesToCollect" : [ "mail" ],
    "identityAttribute" : "mail",
    "_type" : {
      "_id" : "AttributeCollectorNode",
      "name" : "Attribute Collector",
      "collection" : true
    },
    "_outcomes" : [ {
      "id" : "outcome",
      "displayName" : "Outcome"
    } ]
  }
}