{
  "metadata" : {
    "realm" : "/",
    "amsterVersion" : "7.0.1",
    "entityType" : "AttributeCollector",
    "entityId" : "d7699b46-0dc0-4a10-924b-127343a76ad5",
    "pathParams" : { }
  },
  "data" : {
    "_id" : "d7699b46-0dc0-4a10-924b-127343a76ad5",
    "required" : false,
    "identityAttribute" : "userName",
    "attributesToCollect" : [ "preferences/updates", "preferences/marketing" ],
    "validateInputs" : false,
    "_type" : {
      "_id" : "AttributeCollectorNode",
      "name" : "Attribute Collector",
      "collection" : true
    },
    "_outcomes" : [ {
      "id" : "outcome",
      "displayName" : "Outcome"
    } ]
  }
}