{
  "metadata" : {
    "realm" : "/",
    "amsterVersion" : "7.0.1",
    "entityType" : "GetSessionData",
    "entityId" : "600f6107-f91e-4aaf-9254-696b91f1f207",
    "pathParams" : { }
  },
  "data" : {
    "_id" : "600f6107-f91e-4aaf-9254-696b91f1f207",
    "sharedStateKey" : "userName",
    "sessionDataKey" : "UserToken",
    "_type" : {
      "_id" : "SessionDataNode",
      "name" : "Get Session Data",
      "collection" : true
    },
    "_outcomes" : [ {
      "id" : "outcome",
      "displayName" : "Outcome"
    } ]
  }
}