{
  "metadata" : {
    "realm" : "/",
    "amsterVersion" : "7.0.1",
    "entityType" : "PatchObject",
    "entityId" : "253873a9-667f-4a21-90d8-d6e6cd8cdbb4",
    "pathParams" : { }
  },
  "data" : {
    "_id" : "253873a9-667f-4a21-90d8-d6e6cd8cdbb4",
    "ignoredFields" : [ ],
    "identityAttribute" : "userName",
    "patchAsObject" : false,
    "identityResource" : "managed/user",
    "_type" : {
      "_id" : "PatchObjectNode",
      "name" : "Patch Object",
      "collection" : true
    },
    "_outcomes" : [ {
      "id" : "PATCHED",
      "displayName" : "Patched"
    }, {
      "id" : "FAILURE",
      "displayName" : "Failed"
    } ]
  }
}