{
  "metadata" : {
    "realm" : "/",
    "amsterVersion" : "7.0.1",
    "entityType" : "PatchObject",
    "entityId" : "aff0f544-7f8a-4b33-99a6-6aaa7a1f2a4c",
    "pathParams" : { }
  },
  "data" : {
    "_id" : "aff0f544-7f8a-4b33-99a6-6aaa7a1f2a4c",
    "ignoredFields" : [ ],
    "patchAsObject" : false,
    "identityResource" : "managed/user",
    "identityAttribute" : "mail",
    "_type" : {
      "_id" : "PatchObjectNode",
      "name" : "Patch Object",
      "collection" : true
    },
    "_outcomes" : [ {
      "id" : "PATCHED",
      "displayName" : "Patched"
    }, {
      "id" : "FAILURE",
      "displayName" : "Failed"
    } ]
  }
}