{
  "metadata" : {
    "realm" : "/",
    "amsterVersion" : "7.0.1",
    "entityType" : "PatchObject",
    "entityId" : "e08ea1cb-49af-4bc5-979e-1723a30806c9",
    "pathParams" : { }
  },
  "data" : {
    "_id" : "e08ea1cb-49af-4bc5-979e-1723a30806c9",
    "patchAsObject" : true,
    "ignoredFields" : [ "userName" ],
    "identityAttribute" : "userName",
    "identityResource" : "managed/user",
    "_type" : {
      "_id" : "PatchObjectNode",
      "name" : "Patch Object",
      "collection" : true
    },
    "_outcomes" : [ {
      "id" : "PATCHED",
      "displayName" : "Patched"
    }, {
      "id" : "FAILURE",
      "displayName" : "Failed"
    } ]
  }
}