{
  "metadata" : {
    "realm" : "/",
    "amsterVersion" : "7.0.1",
    "entityType" : "OIDCClient",
    "entityId" : "google",
    "pathParams" : { }
  },
  "data" : {
    "_id" : "google",
    "uiConfig" : {
      "iconFontColor" : "white",
      "buttonClass" : "",
      "buttonCustomStyleHover" : "color: #6d6d6d; background-color: #eee; border-color: #ccc;",
      "iconClass" : "fa-google",
      "buttonImage" : "images/g-logo.png",
      "buttonDisplayName" : "Google",
      "buttonCustomStyle" : "background-color: #fff; color: #757575; border-color: #ddd;",
      "iconBackground" : "#4184f3"
    },
    "authenticationIdKey" : "sub",
    "scopes" : [ "openid", "profile", "email" ],
    "wellKnownEndpoint" : "https://accounts.google.com/.well-known/openid-configuration",
    "tokenEndpoint" : "https://www.googleapis.com/oauth2/v4/token",
    "redirectURI" : "https://localhost:8443/openam",
    "basicAuth" : false,
    "transform" : "58d29080-4563-480b-89bb-1e7719776a21",
    "pkceMethod" : "S256",
    "enabled" : false,
    "authorizationEndpoint" : "https://accounts.google.com/o/oauth2/v2/auth",
    "userInfoEndpoint" : "https://www.googleapis.com/oauth2/v3/userinfo",
    "scopeDelimiter" : " ",
    "_type" : {
      "_id" : "oidcConfig",
      "name" : "Client configuration for providers that implement the OpenID Connect specification.",
      "collection" : true
    }
  }
}