{
  "metadata" : {
    "realm" : "/",
    "amsterVersion" : "7.0.1",
    "entityType" : "OIDCClient",
    "entityId" : "yahoo",
    "pathParams" : { }
  },
  "data" : {
    "_id" : "yahoo",
    "uiConfig" : {
      "iconFontColor" : "white",
      "buttonDisplayName" : "Yahoo",
      "buttonCustomStyle" : "background-color: #7B0099; border-color: #7B0099; color:white;",
      "iconClass" : "fa-yahoo",
      "buttonImage" : "",
      "iconBackground" : "#7B0099",
      "buttonCustomStyleHover" : "background-color: #7B0099; border-color: #7B0099; color:white;",
      "buttonClass" : "fa-yahoo"
    },
    "authenticationIdKey" : "sub",
    "scopes" : [ "openid", "sdpp-w" ],
    "wellKnownEndpoint" : "https://login.yahoo.com/.well-known/openid-configuration",
    "redirectURI" : "https://localhost:8443/openam",
    "authorizationEndpoint" : "https://api.login.yahoo.com/oauth2/request_auth",
    "basicAuth" : false,
    "pkceMethod" : "S256",
    "enabled" : false,
    "tokenEndpoint" : "https://api.login.yahoo.com/oauth2/get_token",
    "transform" : "424da748-82cc-4b54-be6f-82bd64d82a74",
    "scopeDelimiter" : " ",
    "_type" : {
      "_id" : "oidcConfig",
      "name" : "Client configuration for providers that implement the OpenID Connect specification.",
      "collection" : true
    }
  }
}