{
  "metadata" : {
    "realm" : "/",
    "amsterVersion" : "7.0.1",
    "entityType" : "OAuth2Clients",
    "entityId" : "idm-admin-ui",
    "pathParams" : { }
  },
  "data" : {
    "_id" : "idm-admin-ui",
    "coreOAuth2ClientConfig" : {
      "clientName" : [ "Admin UI Confi" ],
      "redirectionUris" : [ "http://localhost:9090/platform/appAuthHelperRedirect.html", "http://localhost:9090/platform/sessionCheck.html", "http://localhost:9090/admin/appAuthHelperRedirect.html", "http://localhost:9090/admin/sessionCheck.html", "http://localhost:8082/appAuthHelperRedirect.html", "http://localhost:8082/sessionCheck.html" ],
      "status" : "Active",
      "loopbackInterfaceRedirection" : false,
      "authorizationCodeLifetime" : 0,
      "accessTokenLifetime" : 0,
      "refreshTokenLifetime" : 0,
      "defaultScopes" : [ ],
      "scopes" : [ "openid" ],
      "userpassword" : null,
      "clientType" : "Public"
    },
    "advancedOAuth2ClientConfig" : {
      "contacts" : [ ],
      "clientUri" : [ ],
      "responseTypes" : [ "code", "token", "id_token", "code token", "token id_token", "code id_token", "code token id_token", "device_code", "device_code id_token" ],
      "sectorIdentifierUri" : null,
      "grantTypes" : [ "implicit", "authorization_code" ],
      "tokenEndpointAuthMethod" : "none",
      "isConsentImplied" : true,
      "updateAccessToken" : null,
      "requestUris" : [ ],
      "logoUri" : [ ],
      "subjectType" : "public",
      "name" : [ ],
      "descriptions" : [ ],
      "policyUri" : [ ],
      "mixUpMitigation" : false,
      "javascriptOrigins" : [ ]
    },
    "coreOpenIDClientConfig" : {
      "defaultMaxAgeEnabled" : false,
      "claims" : [ ],
      "clientSessionUri" : null,
      "defaultMaxAge" : 600,
      "postLogoutRedirectUri" : [ ],
      "jwtTokenLifetime" : 0,
      "defaultAcrValues" : [ ]
    },
    "signEncOAuth2ClientConfig" : {
      "userinfoEncryptedResponseEncryptionAlgorithm" : "A128CBC-HS256",
      "requestParameterEncryptedEncryptionAlgorithm" : "A128CBC-HS256",
      "userinfoSignedResponseAlg" : null,
      "clientJwtPublicKey" : null,
      "idTokenEncryptionAlgorithm" : "RSA-OAEP-256",
      "jwksUri" : null,
      "requestParameterEncryptedAlg" : null,
      "idTokenSignedResponseAlg" : "RS256",
      "jwksCacheTimeout" : 3600000,
      "idTokenEncryptionEnabled" : false,
      "mTLSTrustedCert" : null,
      "idTokenPublicEncryptionKey" : null,
      "tokenIntrospectionResponseFormat" : "JSON",
      "tokenEndpointAuthSigningAlgorithm" : "RS256",
      "mTLSCertificateBoundAccessTokens" : false,
      "tokenIntrospectionEncryptedResponseAlg" : "RSA-OAEP-256",
      "jwkSet" : null,
      "jwkStoreCacheMissCacheTime" : 60000,
      "tokenIntrospectionEncryptedResponseEncryptionAlgorithm" : "A128CBC-HS256",
      "tokenIntrospectionSignedResponseAlg" : "RS256",
      "userinfoEncryptedResponseAlg" : null,
      "mTLSSubjectDN" : null,
      "publicKeyLocation" : "jwks_uri",
      "userinfoResponseFormat" : "JSON",
      "idTokenEncryptionMethod" : "A128CBC-HS256",
      "requestParameterSignedAlg" : null
    },
    "coreUmaClientConfig" : {
      "claimsRedirectionUris" : [ ]
    },
    "_type" : {
      "_id" : "OAuth2Client",
      "name" : "OAuth2 Clients",
      "collection" : true
    }
  }
}