{
  "metadata" : {
    "realm" : "/",
    "amsterVersion" : "7.0.1",
    "entityType" : "ZeroPageLoginCollector",
    "entityId" : "5090626c-91ef-48b0-bf6c-c6d82859218a",
    "pathParams" : { }
  },
  "data" : {
    "_id" : "5090626c-91ef-48b0-bf6c-c6d82859218a",
    "allowWithoutReferer" : true,
    "referrerWhiteList" : [ ],
    "passwordHeader" : "X-OpenAM-Password",
    "usernameHeader" : "X-OpenAM-Username",
    "_type" : {
      "_id" : "ZeroPageLoginNode",
      "name" : "Zero Page Login Collector",
      "collection" : true
    },
    "_outcomes" : [ {
      "id" : "true",
      "displayName" : "Has Credentials"
    }, {
      "id" : "false",
      "displayName" : "No Credentials"
    } ]
  }
}