{
  "metadata" : {
    "realm" : "/",
    "amsterVersion" : "7.0.1",
    "entityType" : "OTPEmailSender",
    "entityId" : "d160613c-e048-4a4d-b7f1-c40ebde1d62a",
    "pathParams" : { }
  },
  "data" : {
    "_id" : "d160613c-e048-4a4d-b7f1-c40ebde1d62a",
    "password" : null,
    "hostName" : "mail.example.com",
    "emailAttribute" : "mail",
    "hostPort" : 25,
    "smsGatewayImplementationClass" : "com.sun.identity.authentication.modules.hotp.DefaultSMSGatewayImpl",
    "sslOption" : "SSL",
    "fromEmailAddress" : "admin@example.com",
    "username" : "admin@example.com",
    "_type" : {
      "_id" : "OneTimePasswordSmtpSenderNode",
      "name" : "OTP Email Sender",
      "collection" : true
    },
    "_outcomes" : [ {
      "id" : "outcome",
      "displayName" : "Outcome"
    } ]
  }
}