{
  "metadata" : {
    "realm" : "/",
    "amsterVersion" : "7.0.1",
    "entityType" : "Applications",
    "entityId" : "oauth2Scopes",
    "pathParams" : { }
  },
  "data" : {
    "_id" : "oauth2Scopes",
    "name" : "oauth2Scopes",
    "displayName" : "Default OAuth2 Scopes Policy Set",
    "description" : "The built-in Application used by the OAuth2 scope authorization process.",
    "attributeNames" : [ ],
    "createdBy" : "id=dsameuser,ou=user,dc=openam,dc=forgerock,dc=org",
    "conditions" : [ "Script", "AMIdentityMembership", "IPv6", "IPv4", "SimpleTime", "LEAuthLevel", "LDAPFilter", "AuthScheme", "Session", "AND", "AuthenticateToRealm", "ResourceEnvIP", "OAuth2Scope", "SessionProperty", "OR", "Transaction", "NOT", "AuthLevel", "AuthenticateToService" ],
    "lastModifiedBy" : "id=amAdmin,ou=user,dc=openam,dc=forgerock,dc=org",
    "creationDate" : 1605728303148,
    "lastModifiedDate" : 1608033820454,
    "saveIndex" : null,
    "searchIndex" : null,
    "resourceComparator" : null,
    "applicationType" : "iPlanetAMWebAgentService",
    "entitlementCombiner" : "DenyOverride",
    "subjects" : [ "AuthenticatedUsers", "NOT", "Identity", "OR", "AND", "NONE", "JwtClaim" ],
    "resourceTypeUuids" : [ "d60b7a71-1dc6-44a5-8e48-e4b9d92dee8b" ],
    "editable" : true
  }
}