{
  "metadata" : {
    "realm" : "/",
    "amsterVersion" : "7.0.1",
    "entityType" : "Applications",
    "entityId" : "sunAMDelegationService",
    "pathParams" : { }
  },
  "data" : {
    "_id" : "sunAMDelegationService",
    "name" : "sunAMDelegationService",
    "displayName" : "Delegation Policy Set",
    "description" : null,
    "attributeNames" : [ ],
    "createdBy" : "id=dsameuser,ou=user,dc=openam,dc=forgerock,dc=org",
    "conditions" : [ ],
    "lastModifiedBy" : "id=amAdmin,ou=user,dc=openam,dc=forgerock,dc=org",
    "creationDate" : 1605728303130,
    "lastModifiedDate" : 1608033820523,
    "saveIndex" : null,
    "searchIndex" : null,
    "resourceComparator" : null,
    "applicationType" : "sunAMDelegationService",
    "entitlementCombiner" : "DenyOverride",
    "subjects" : [ "OR", "AND", "AuthenticatedUsers", "NOT", "Identity" ],
    "resourceTypeUuids" : [ "20a13582-1f32-4f83-905f-f71ff4e2e00d" ],
    "editable" : true
  }
}