{
  "metadata" : {
    "realm" : "/",
    "amsterVersion" : "7.0.1",
    "entityType" : "SetPersistentCookie",
    "entityId" : "62446475-bc56-4416-a867-794c81b5a64b",
    "pathParams" : { }
  },
  "data" : {
    "_id" : "62446475-bc56-4416-a867-794c81b5a64b",
    "useHttpOnlyCookie" : true,
    "useSecureCookie" : false,
    "maxLife" : 5,
    "hmacSigningKey" : null,
    "idleTimeout" : 5,
    "persistentCookieName" : "session-jwt",
    "_type" : {
      "_id" : "SetPersistentCookieNode",
      "name" : "Set Persistent Cookie",
      "collection" : true
    },
    "_outcomes" : [ {
      "id" : "outcome",
      "displayName" : "Outcome"
    } ]
  }
}