{
  "metadata" : {
    "realm" : "/",
    "amsterVersion" : "7.0.1",
    "entityType" : "KBADefinition",
    "entityId" : "3cb5a423-177a-49a6-9e48-1f2f1b07e589",
    "pathParams" : { }
  },
  "data" : {
    "_id" : "3cb5a423-177a-49a6-9e48-1f2f1b07e589",
    "message" : {
      "en" : "Select a security question"
    },
    "_type" : {
      "_id" : "KbaCreateNode",
      "name" : "KBA Definition",
      "collection" : true
    },
    "_outcomes" : [ {
      "id" : "outcome",
      "displayName" : "Outcome"
    } ]
  }
}