{
  "metadata" : {
    "realm" : "/",
    "amsterVersion" : "7.0.1",
    "entityType" : "LinkedInClient",
    "entityId" : "linkedin",
    "pathParams" : { }
  },
  "data" : {
    "_id" : "linkedin",
    "uiConfig" : {
      "iconFontColor" : "white",
      "buttonClass" : "fa-linkedin",
      "iconBackground" : "#0077b5",
      "buttonCustomStyle" : "background-color:#0077b5;border-color:#0077b5;color:white;",
      "buttonCustomStyleHover" : "background-color:#006ea9; border-color:#006ea9;color:white;",
      "buttonDisplayName" : "LinkedIn",
      "buttonImage" : "",
      "iconClass" : "fa-linkedin"
    },
    "authorizationEndpoint" : "https://www.linkedin.com/oauth/v2/authorization",
    "redirectURI" : "https://localhost:8443/openam",
    "authenticationIdKey" : "id",
    "basicAuth" : false,
    "emailAddressEndpoint" : "https://api.linkedin.com/v2/emailAddress?q=members&projection=(elements*(handle~))",
    "pkceMethod" : "S256",
    "enabled" : false,
    "tokenEndpoint" : "https://www.linkedin.com/oauth/v2/accessToken",
    "scopes" : [ "r_liteprofile", "r_emailaddress" ],
    "userInfoEndpoint" : "https://api.linkedin.com/v2/me?projection=(id,firstName,lastName,profilePicture)",
    "scopeDelimiter" : " ",
    "transform" : "8862ca8f-7770-4af5-a888-ac0df0947f36",
    "_type" : {
      "_id" : "linkedInConfig",
      "name" : "Client configuration for LinkedIn.",
      "collection" : true
    }
  }
}