{
  "metadata" : {
    "realm" : null,
    "amsterVersion" : "7.0.1",
    "entityType" : "CorsConfiguration",
    "entityId" : "Cors Configuration",
    "pathParams" : { }
  },
  "data" : {
    "_id" : "Cors Configuration",
    "acceptedHeaders" : [ "if-none-match", "if-match", "user-agent", "content-type", "x-openidm-username", "x-openidm-nosession", "cache-control", "x-openidm-password", "authorization", "x-requested-with", "accept-api-version" ],
    "enabled" : true,
    "acceptedOrigins" : [ "http://localhost:9090", "http://localhost:8080", "http://localhost:8082", "http://localhost:8083", "http://localhost:8888" ],
    "acceptedMethods" : [ "GET", "HEAD", "PUT", "PATCH", "POST", "DELETE" ],
    "allowCredentials" : true,
    "maxAge" : 600,
    "exposedHeaders" : [ "WWW-Authenticate" ],
    "_type" : {
      "_id" : "configuration",
      "name" : "Cors Configuration",
      "collection" : true
    }
  }
}