{
  "metadata" : {
    "realm" : null,
    "amsterVersion" : "7.0.1",
    "entityType" : "GlobalScripts",
    "entityId" : "01e1a3c0-038b-4c16-956a-6c9d89328cff",
    "pathParams" : { }
  },
  "data" : {
    "_id" : "01e1a3c0-038b-4c16-956a-6c9d89328cff",
    "lastModifiedBy" : "null",
    "context" : "AUTHENTICATION_TREE_DECISION_NODE",
    "lastModifiedDate" : "0",
    "language" : "GROOVY",
    "createdBy" : "null",
    "script" : "c2hhcmVkU3RhdGUucHV0KCJ1c2VyTmFtZSIsICJrcC10ZXN0Iik7Cm91dGNvbWU9InRydWUi",
    "creationDate" : "0",
    "name" : "Authentication Tree Decision Node Script",
    "description" : "Default global script for a scripted decision node",
    "_type" : {
      "_id" : "globalScript",
      "name" : "Scripting",
      "collection" : true
    }
  }
}