{
  "metadata" : {
    "realm" : "/",
    "amsterVersion" : "7.0.1",
    "entityType" : "AnonymousUserMapping",
    "entityId" : "c024539b-17ce-49fa-a6cd-a46d0a215dee",
    "pathParams" : { }
  },
  "data" : {
    "_id" : "c024539b-17ce-49fa-a6cd-a46d0a215dee",
    "anonymousUserName" : "anonymous",
    "_type" : {
      "_id" : "AnonymousUserNode",
      "name" : "Anonymous User Mapping",
      "collection" : true
    },
    "_outcomes" : [ {
      "id" : "outcome",
      "displayName" : "Outcome"
    } ]
  }
}