{
  "metadata" : {
    "realm" : "/",
    "amsterVersion" : "7.0.1",
    "entityType" : "SocialFacebook",
    "entityId" : "f4de2da7-7c53-48b7-974c-bbfda2b70b26",
    "pathParams" : { }
  },
  "data" : {
    "_id" : "f4de2da7-7c53-48b7-974c-bbfda2b70b26",
    "clientId" : "aClientId",
    "basicAuth" : true,
    "cfgAttributeMappingClasses" : [ "org.forgerock.openam.authentication.modules.common.mapping.JsonAttributeMapper|iplanet-am-user-alias-list|facebook-" ],
    "cfgAccountMapperConfiguration" : {
      "id" : "iplanet-am-user-alias-list"
    },
    "cfgAttributeMappingConfiguration" : {
      "name" : "cn",
      "email" : "mail",
      "id" : "iplanet-am-user-alias-list",
      "first_name" : "givenName",
      "last_name" : "sn"
    },
    "userInfoEndpoint" : "https://graph.facebook.com/v2.6/me?fields=name%2Cemail%2Cfirst_name%2Clast_name",
    "cfgAccountProviderClass" : "org.forgerock.openam.authentication.modules.common.mapping.DefaultAccountProvider",
    "scopeString" : "public_profile,email",
    "authenticationIdKey" : "id",
    "tokenEndpoint" : "https://graph.facebook.com/v2.12/oauth/access_token",
    "cfgMixUpMitigation" : false,
    "authorizeEndpoint" : "https://www.facebook.com/dialog/oauth",
    "saveUserAttributesToSession" : true,
    "provider" : "facebook",
    "redirectURI" : "http://localhost:8080/openam7",
    "cfgAccountMapperClass" : "org.forgerock.openam.authentication.modules.common.mapping.JsonAttributeMapper|*|facebook-",
    "clientSecret" : null,
    "_type" : {
      "_id" : "SocialFacebookNode",
      "name" : "Social Facebook",
      "collection" : true
    },
    "_outcomes" : [ {
      "id" : "ACCOUNT_EXISTS",
      "displayName" : "Account exists"
    }, {
      "id" : "NO_ACCOUNT",
      "displayName" : "No account exists"
    } ]
  }
}