{
  "metadata" : {
    "realm" : "/",
    "amsterVersion" : "7.0.1",
    "entityType" : "ProvisionIDMAccount",
    "entityId" : "55e0b44d-f248-4761-b022-8d35fe8aaa94",
    "pathParams" : { }
  },
  "data" : {
    "_id" : "55e0b44d-f248-4761-b022-8d35fe8aaa94",
    "accountProviderClass" : "org.forgerock.openam.authentication.modules.common.mapping.DefaultAccountProvider",
    "_type" : {
      "_id" : "ProvisionIdmAccountNode",
      "name" : "Provision IDM Account",
      "collection" : true
    },
    "_outcomes" : [ {
      "id" : "outcome",
      "displayName" : "Outcome"
    } ]
  }
}