{
  "metadata" : {
    "realm" : null,
    "amsterVersion" : "7.0.1",
    "entityType" : "ScriptingEngineConfiguration",
    "entityId" : "engineConfiguration",
    "pathParams" : {
      "contexts" : "AUTHENTICATION_TREE_DECISION_NODE"
    }
  },
  "data" : {
    "_id" : "engineConfiguration",
    "whiteList" : [ "org.forgerock.http.Handler", "org.forgerock.util.promise.PromiseImpl", "javax.security.auth.callback.TextInputCallback", "org.codehaus.groovy.runtime.GStringImpl", "org.forgerock.json.JsonValue", "javax.security.auth.callback.TextOutputCallback", "javax.security.auth.callback.PasswordCallback", "java.util.Collections", "java.lang.Character", "org.forgerock.http.protocol.Response", "org.forgerock.http.protocol.Responses", "java.lang.Float", "java.util.LinkedHashMap", "org.forgerock.util.promise.Promise", "com.sun.identity.authentication.spi.X509CertificateCallback", "org.forgerock.http.context.RootContext", "org.forgerock.openam.authentication.callbacks.PollingWaitCallback", "java.lang.Double", "org.forgerock.http.Context", "com.sun.identity.authentication.callbacks.ScriptTextOutputCallback", "org.forgerock.http.client.*", "java.lang.Object", "java.util.Collections$*", "com.sun.identity.authentication.spi.MetadataCallback", "com.sun.identity.shared.debug.Debug", "org.forgerock.http.protocol.Entity", "org.forgerock.http.protocol.RequestCookies", "groovy.json.JsonSlurper", "org.forgerock.util.promise.NeverThrowsException", "java.util.HashMap$KeyIterator", "org.forgerock.openam.core.rest.devices.profile.DeviceProfilesDao", "java.lang.Byte", "java.lang.String", "java.util.LinkedHashSet", "java.util.HashSet", "javax.security.auth.callback.ChoiceCallback", "java.util.HashMap", "javax.security.auth.callback.LanguageCallback", "com.sun.identity.authentication.callbacks.HiddenValueCallback", "java.util.TreeMap", "org.forgerock.openam.scripting.idrepo.ScriptIdentityRepository", "java.util.TreeSet", "com.sun.identity.authentication.spi.HttpCallback", "org.forgerock.http.protocol.Cookie", "java.lang.Long", "org.forgerock.http.protocol.Status", "org.forgerock.openam.auth.node.api.Action$ActionBuilder", "java.util.LinkedList", "org.forgerock.openam.core.rest.authn.callbackhandlers.*", "java.util.ArrayList", "javax.security.auth.callback.ConfirmationCallback", "org.codehaus.groovy.runtime.ScriptBytecodeAdapter", "java.lang.Math", "com.sun.identity.authentication.spi.RedirectCallback", "java.lang.Void", "org.forgerock.http.Client", "org.forgerock.openam.scripting.api.http.GroovyHttpClient", "org.forgerock.http.protocol.Form", "java.lang.Integer", "org.forgerock.openam.scripting.api.ScriptedIdentity", "java.lang.Boolean", "org.forgerock.http.protocol.Message", "org.forgerock.openam.scripting.api.http.JavaScriptHttpClient", "org.forgerock.http.protocol.Headers", "java.lang.StrictMath", "org.forgerock.openam.scripting.api.ScriptedSession", "java.lang.Character$UnicodeBlock", "org.forgerock.http.protocol.Header", "org.forgerock.http.protocol.ResponseException", "javax.security.auth.callback.NameCallback", "java.lang.Short", "org.forgerock.http.protocol.Request", "org.forgerock.openam.auth.node.api.Action", "java.lang.Character$Subset", "java.lang.Number", "java.util.AbstractMap$*" ],
    "serverTimeout" : 0,
    "queueSize" : 10,
    "useSecurityManager" : true,
    "blackList" : [ "java.lang.Class", "java.lang.reflect.*", "java.security.AccessController" ],
    "maxThreads" : 50,
    "idleTimeout" : 60,
    "coreThreads" : 10,
    "_type" : {
      "_id" : "engineConfiguration",
      "name" : "Scripting engine configuration",
      "collection" : false
    }
  }
}