{
  "metadata" : {
    "realm" : null,
    "amsterVersion" : "7.0.1",
    "entityType" : "AdvancedProperties",
    "entityId" : "http://localhost:8080/openam7",
    "pathParams" : {
      "serverName" : "http://localhost:8080/openam7"
    }
  },
  "data" : {
    "_id" : "01/properties/advanced",
    "com.sun.identity.common.systemtimerpool.size" : "3",
    "opensso.protocol.handler.pkgs" : "",
    "bootstrap.file" : "/home/forgerock/.openamcfg/AMConfig_home_forgerock_Desktop_Servers_MIAMI_OpenAM7_apache-tomcat-9.0.40_webapps_openam7_",
    "com.sun.embedded.replicationport" : "",
    "com.sun.embedded.sync.servers" : "on",
    "com.iplanet.am.serverMode" : true,
    "com.iplanet.security.SSLSocketFactoryImpl" : "com.sun.identity.shared.ldap.factory.JSSESocketFactory",
    "com.sun.identity.sm.sms_object_class_name" : "com.sun.identity.sm.SmsWrapperObject",
    "com.sun.identity.urlconnection.useCache" : false,
    "org.forgerock.embedded.dsadminport" : "4444",
    "com.iplanet.am.lbcookie.value" : "01"
  }
}