{
  "metadata" : {
    "realm" : null,
    "amsterVersion" : "7.0.1",
    "entityType" : "DirectoryConfiguration",
    "entityId" : "http://localhost:8080/openam7",
    "pathParams" : {
      "serverName" : "http://localhost:8080/openam7"
    }
  },
  "data" : {
    "_id" : "01/properties/directoryConfiguration",
    "directoryConfiguration" : {
      "minConnectionPool" : 1,
      "maxConnectionPool" : 10,
      "bindDn" : "cn=Directory Manager",
      "bindPassword" : null
    },
    "directoryServers" : [ {
      "hostName" : "localhost",
      "serverName" : "Server1",
      "connectionType" : "SSL",
      "portNumber" : "50636"
    } ]
  }
}