{
  "metadata" : {
    "realm" : "/",
    "amsterVersion" : "7.0.1",
    "entityType" : "LdapModule",
    "entityId" : "LDAP",
    "pathParams" : { }
  },
  "data" : {
    "_id" : "LDAP",
    "authenticationLevel" : 0,
    "openam-auth-ldap-connection-mode" : "LDAPS",
    "primaryLdapServer" : [ "localhost:50636" ],
    "connectionHeartbeatInterval" : 10,
    "searchScope" : "SUBTREE",
    "returnUserDN" : true,
    "profileAttributeMappings" : [ ],
    "userProfileRetrievalAttribute" : "uid",
    "minimumPasswordLength" : "8",
    "userBindDN" : "cn=Directory Manager",
    "userSearchAttributes" : [ "uid" ],
    "userSearchStartDN" : [ "dc=openam,dc=forgerock,dc=org" ],
    "secondaryLdapServer" : [ ],
    "trustAllServerCertificates" : false,
    "operationTimeout" : 0,
    "connectionHeartbeatTimeUnit" : "SECONDS",
    "beheraPasswordPolicySupportEnabled" : true,
    "userBindPassword" : null,
    "_type" : {
      "_id" : "ldap",
      "name" : "LDAP",
      "collection" : true
    }
  }
}