{
  "metadata" : {
    "realm" : null,
    "amsterVersion" : "7.0.1",
    "entityType" : "KeyStoreMappings",
    "entityId" : "am.default.applications.federation.entity.providers.saml2.idp.signing",
    "pathParams" : {
      "KeyStoreSecretStore" : "default-keystore"
    }
  },
  "data" : {
    "_id" : "am.default.applications.federation.entity.providers.saml2.idp.signing",
    "aliases" : [ "rsajwtsigningkey" ],
    "secretId" : "am.default.applications.federation.entity.providers.saml2.idp.signing",
    "_type" : {
      "_id" : "mappings",
      "name" : "Mappings",
      "collection" : true
    }
  }
}