{
  "metadata" : {
    "realm" : null,
    "amsterVersion" : "7.0.1",
    "entityType" : "KeyStoreMappings",
    "entityId" : "am.services.oauth2.remote.consent.response.decryption",
    "pathParams" : {
      "KeyStoreSecretStore" : "default-keystore"
    }
  },
  "data" : {
    "_id" : "am.services.oauth2.remote.consent.response.decryption",
    "secretId" : "am.services.oauth2.remote.consent.response.decryption",
    "aliases" : [ "test" ],
    "_type" : {
      "_id" : "mappings",
      "name" : "Mappings",
      "collection" : true
    }
  }
}