{
  "metadata" : {
    "realm" : "/",
    "amsterVersion" : "7.0.1",
    "entityType" : "PageNode",
    "entityId" : "049793d7-c526-4278-80b3-5ff8bddfb49c",
    "pathParams" : { }
  },
  "data" : {
    "_id" : "049793d7-c526-4278-80b3-5ff8bddfb49c",
    "stage" : "null",
    "pageHeader" : {
      "en" : "Forgotten Username"
    },
    "nodes" : [ {
      "_id" : "6da8691c-5689-4ad3-a370-987214150222",
      "nodeType" : "AttributeCollectorNode",
      "displayName" : "Attribute Collector"
    } ],
    "pageDescription" : {
      "en" : "Enter your email address or <a href=\"#/service/PlatformLogin\">Sign in</a>"
    },
    "_type" : {
      "_id" : "PageNode",
      "name" : "Page Node",
      "collection" : true
    },
    "_outcomes" : [ {
      "id" : "outcome",
      "displayName" : "Outcome"
    } ]
  }
}