{
  "metadata" : {
    "realm" : "/",
    "amsterVersion" : "7.0.1",
    "entityType" : "PageNode",
    "entityId" : "2348ce1f-25f5-4932-a6a6-10b136f4b571",
    "pathParams" : { }
  },
  "data" : {
    "_id" : "2348ce1f-25f5-4932-a6a6-10b136f4b571",
    "stage" : "null",
    "nodes" : [ {
      "_id" : "3cff0c12-1bc3-46dc-877c-ea43ad137cf0",
      "nodeType" : "ValidatedPasswordNode",
      "displayName" : "Platform Password"
    } ],
    "pageDescription" : {
      "en" : "Enter new password"
    },
    "pageHeader" : {
      "en" : "Update Password"
    },
    "_type" : {
      "_id" : "PageNode",
      "name" : "Page Node",
      "collection" : true
    },
    "_outcomes" : [ {
      "id" : "outcome",
      "displayName" : "Outcome"
    } ]
  }
}