{
  "metadata" : {
    "realm" : "/",
    "amsterVersion" : "7.0.1",
    "entityType" : "PageNode",
    "entityId" : "3ac23466-df81-48ab-951d-9d1c5d83c1ff",
    "pathParams" : { }
  },
  "data" : {
    "_id" : "3ac23466-df81-48ab-951d-9d1c5d83c1ff",
    "stage" : "null",
    "pageHeader" : {
      "en" : "Verify Existing Password"
    },
    "nodes" : [ {
      "_id" : "c8ff2839-3720-45e4-aad7-8f13b1c699a4",
      "nodeType" : "ValidatedPasswordNode",
      "displayName" : "Platform Password"
    } ],
    "pageDescription" : {
      "en" : "Enter current password"
    },
    "_type" : {
      "_id" : "PageNode",
      "name" : "Page Node",
      "collection" : true
    },
    "_outcomes" : [ {
      "id" : "outcome",
      "displayName" : "Outcome"
    } ]
  }
}