{
  "metadata" : {
    "realm" : "/",
    "amsterVersion" : "7.0.1",
    "entityType" : "PageNode",
    "entityId" : "3ded9dd6-ec97-4a63-a6bf-3a06c0a8a33c",
    "pathParams" : { }
  },
  "data" : {
    "_id" : "3ded9dd6-ec97-4a63-a6bf-3a06c0a8a33c",
    "nodes" : [ {
      "_id" : "a415dc0b-f10b-4b11-b096-6ef22c13f886",
      "nodeType" : "ValidatedPasswordNode",
      "displayName" : "Platform Password"
    } ],
    "stage" : "null",
    "pageDescription" : {
      "en" : "Change password"
    },
    "pageHeader" : {
      "en" : "Reset Password"
    },
    "_type" : {
      "_id" : "PageNode",
      "name" : "Page Node",
      "collection" : true
    },
    "_outcomes" : [ {
      "id" : "outcome",
      "displayName" : "Outcome"
    } ]
  }
}