{
  "metadata" : {
    "realm" : "/",
    "amsterVersion" : "7.0.1",
    "entityType" : "PageNode",
    "entityId" : "7bb3366f-11c6-4be5-b1aa-128a73dc840d",
    "pathParams" : { }
  },
  "data" : {
    "_id" : "7bb3366f-11c6-4be5-b1aa-128a73dc840d",
    "nodes" : [ {
      "_id" : "71430b88-b2de-4b92-8f53-7cec18521283",
      "nodeType" : "ValidatedUsernameNode",
      "displayName" : "Platform Username"
    }, {
      "_id" : "8ca97a55-2b29-40ef-89ca-156cc55700d8",
      "nodeType" : "AttributeCollectorNode",
      "displayName" : "Attribute Collector"
    }, {
      "_id" : "7f7d0ce6-bd6c-4c75-a891-d1d23c40e424",
      "nodeType" : "ValidatedPasswordNode",
      "displayName" : "Platform Password"
    }, {
      "_id" : "3cb5a423-177a-49a6-9e48-1f2f1b07e589",
      "nodeType" : "KbaCreateNode",
      "displayName" : "KBA Definition"
    }, {
      "_id" : "b8d402a3-f357-4f2f-950b-ae25d141681a",
      "nodeType" : "AcceptTermsAndConditionsNode",
      "displayName" : "Accept Terms and Conditions"
    } ],
    "pageDescription" : {
      "en" : "Signing up is fast and easy.<br>Already have an account?<a href='#/service/PlatformLogin'>Sign In</a>"
    },
    "stage" : "null",
    "pageHeader" : {
      "en" : "Sign Up"
    },
    "_type" : {
      "_id" : "PageNode",
      "name" : "Page Node",
      "collection" : true
    },
    "_outcomes" : [ {
      "id" : "outcome",
      "displayName" : "Outcome"
    } ]
  }
}