{
  "metadata" : {
    "realm" : "/",
    "amsterVersion" : "7.0.1",
    "entityType" : "PageNode",
    "entityId" : "aefd48e9-17d9-4ad0-a9e1-9f7930d62b9e",
    "pathParams" : { }
  },
  "data" : {
    "_id" : "aefd48e9-17d9-4ad0-a9e1-9f7930d62b9e",
    "pageHeader" : { },
    "pageDescription" : { },
    "nodes" : [ {
      "_id" : "4379003b-11e6-4d47-828b-d9db10489c47",
      "nodeType" : "AttributeCollectorNode",
      "displayName" : "Attribute Collector"
    } ],
    "_type" : {
      "_id" : "PageNode",
      "name" : "Page Node",
      "collection" : true
    },
    "_outcomes" : [ {
      "id" : "outcome",
      "displayName" : "Outcome"
    } ]
  }
}