{
  "metadata" : {
    "realm" : "/",
    "amsterVersion" : "7.0.1",
    "entityType" : "PageNode",
    "entityId" : "af01a277-5431-4364-b0a6-ed5e07c435c5",
    "pathParams" : { }
  },
  "data" : {
    "_id" : "af01a277-5431-4364-b0a6-ed5e07c435c5",
    "pageHeader" : {
      "en" : "Sign In"
    },
    "stage" : "null",
    "nodes" : [ {
      "_id" : "12ba644a-fb9d-4e7f-93b6-2ec7c00e3828",
      "nodeType" : "ValidatedUsernameNode",
      "displayName" : "Platform Username"
    }, {
      "_id" : "015860e8-be32-4201-84fb-454e97849061",
      "nodeType" : "ValidatedPasswordNode",
      "displayName" : "Platform Password"
    } ],
    "pageDescription" : {
      "en" : "New here? <a href=\"#/service/PlatformRegistration\">Create an account</a><br><a href=\"#/service/PlatformForgottenUsername\">Forgot username?</a><a href=\"#/service/PlatformResetPassword\"> Forgot password?</a>"
    },
    "_type" : {
      "_id" : "PageNode",
      "name" : "Page Node",
      "collection" : true
    },
    "_outcomes" : [ {
      "id" : "outcome",
      "displayName" : "Outcome"
    } ]
  }
}