{
  "metadata" : {
    "realm" : "/",
    "amsterVersion" : "7.0.1",
    "entityType" : "PageNode",
    "entityId" : "b0e282d8-5e8c-4404-9dc5-0b2727972731",
    "pathParams" : { }
  },
  "data" : {
    "_id" : "b0e282d8-5e8c-4404-9dc5-0b2727972731",
    "pageHeader" : { },
    "pageDescription" : { },
    "nodes" : [ {
      "_id" : "41c48b52-c609-46f8-945a-3d66e215636c",
      "nodeType" : "UsernameCollectorNode",
      "displayName" : "Username Collector"
    }, {
      "_id" : "815f01b2-587d-4d0a-ba9d-5def6a3b60db",
      "nodeType" : "PasswordCollectorNode",
      "displayName" : "Password Collector"
    } ],
    "_type" : {
      "_id" : "PageNode",
      "name" : "Page Node",
      "collection" : true
    },
    "_outcomes" : [ {
      "id" : "outcome",
      "displayName" : "Outcome"
    } ]
  }
}