{
  "metadata" : {
    "realm" : "/",
    "amsterVersion" : "7.0.1",
    "entityType" : "PageNode",
    "entityId" : "c86b5a02-447d-4580-ac48-5ac14844591c",
    "pathParams" : { }
  },
  "data" : {
    "_id" : "c86b5a02-447d-4580-ac48-5ac14844591c",
    "pageHeader" : { },
    "pageDescription" : { },
    "nodes" : [ {
      "_id" : "03bb13ef-f602-4069-b0ff-381a02e03c9d",
      "nodeType" : "UsernameCollectorNode",
      "displayName" : "Username Collector"
    }, {
      "_id" : "b2debbe4-6c6d-451d-9367-fb9d7a5f58de",
      "nodeType" : "PasswordCollectorNode",
      "displayName" : "Password Collector"
    } ],
    "_type" : {
      "_id" : "PageNode",
      "name" : "Page Node",
      "collection" : true
    },
    "_outcomes" : [ {
      "id" : "outcome",
      "displayName" : "Outcome"
    } ]
  }
}