{
  "metadata" : {
    "realm" : "/",
    "amsterVersion" : "7.0.1",
    "entityType" : "PageNode",
    "entityId" : "d32aadfe-6191-4517-be55-eb250a763a94",
    "pathParams" : { }
  },
  "data" : {
    "_id" : "d32aadfe-6191-4517-be55-eb250a763a94",
    "pageDescription" : { },
    "pageHeader" : {
      "en" : "Please select your preferences"
    },
    "stage" : "null",
    "nodes" : [ {
      "_id" : "d7699b46-0dc0-4a10-924b-127343a76ad5",
      "nodeType" : "AttributeCollectorNode",
      "displayName" : "Attribute Collector"
    } ],
    "_type" : {
      "_id" : "PageNode",
      "name" : "Page Node",
      "collection" : true
    },
    "_outcomes" : [ {
      "id" : "outcome",
      "displayName" : "Outcome"
    } ]
  }
}