{
  "metadata" : {
    "realm" : "/",
    "amsterVersion" : "7.0.1",
    "entityType" : "PageNode",
    "entityId" : "daef56ec-3834-4db6-8d78-50a7c1236aaf",
    "pathParams" : { }
  },
  "data" : {
    "_id" : "daef56ec-3834-4db6-8d78-50a7c1236aaf",
    "nodes" : [ {
      "_id" : "94b6a64c-0df1-4020-b698-404ca938ef32",
      "nodeType" : "AttributeCollectorNode",
      "displayName" : "Attribute Collector"
    } ],
    "stage" : "null",
    "pageHeader" : {
      "en" : "Reset Password"
    },
    "pageDescription" : {
      "en" : "Enter your email address or <a href=\"#/service/PlatformLogin\">Sign in</a>"
    },
    "_type" : {
      "_id" : "PageNode",
      "name" : "Page Node",
      "collection" : true
    },
    "_outcomes" : [ {
      "id" : "outcome",
      "displayName" : "Outcome"
    } ]
  }
}