{
  "metadata" : {
    "realm" : "/",
    "amsterVersion" : "7.0.1",
    "entityType" : "IdentifyExistingUser",
    "entityId" : "36515513-daf2-4bc0-a5fa-0311f1043579",
    "pathParams" : { }
  },
  "data" : {
    "_id" : "36515513-daf2-4bc0-a5fa-0311f1043579",
    "identityAttribute" : "mail",
    "_type" : {
      "_id" : "IdentifyExistingUserNode",
      "name" : "Identify Existing User",
      "collection" : true
    },
    "_outcomes" : [ {
      "id" : "true",
      "displayName" : "True"
    }, {
      "id" : "false",
      "displayName" : "False"
    } ]
  }
}