{
  "metadata" : {
    "realm" : "/",
    "amsterVersion" : "7.0.1",
    "entityType" : "IdentifyExistingUser",
    "entityId" : "755d6056-bbac-4d27-8177-23e009c14e03",
    "pathParams" : { }
  },
  "data" : {
    "_id" : "755d6056-bbac-4d27-8177-23e009c14e03",
    "identifier" : "userName",
    "identityAttribute" : "userName",
    "_type" : {
      "_id" : "IdentifyExistingUserNode",
      "name" : "Identify Existing User",
      "collection" : true
    },
    "_outcomes" : [ {
      "id" : "true",
      "displayName" : "True"
    }, {
      "id" : "false",
      "displayName" : "False"
    } ]
  }
}