{
  "metadata" : {
    "realm" : "/",
    "amsterVersion" : "7.0.1",
    "entityType" : "IdentifyExistingUser",
    "entityId" : "7cf23d7e-5062-4a06-8b63-b6f9079c95b1",
    "pathParams" : { }
  },
  "data" : {
    "_id" : "7cf23d7e-5062-4a06-8b63-b6f9079c95b1",
    "identifier" : "userName",
    "identityAttribute" : "mail",
    "_type" : {
      "_id" : "IdentifyExistingUserNode",
      "name" : "Identify Existing User",
      "collection" : true
    },
    "_outcomes" : [ {
      "id" : "true",
      "displayName" : "True"
    }, {
      "id" : "false",
      "displayName" : "False"
    } ]
  }
}