{
  "metadata" : {
    "realm" : "/",
    "amsterVersion" : "7.0.1",
    "entityType" : "IdentifyExistingUser",
    "entityId" : "851794a2-b8bb-4d33-beec-773742a1658f",
    "pathParams" : { }
  },
  "data" : {
    "_id" : "851794a2-b8bb-4d33-beec-773742a1658f",
    "identityAttribute" : "userName",
    "identifier" : "userName",
    "_type" : {
      "_id" : "IdentifyExistingUserNode",
      "name" : "Identify Existing User",
      "collection" : true
    },
    "_outcomes" : [ {
      "id" : "true",
      "displayName" : "True"
    }, {
      "id" : "false",
      "displayName" : "False"
    } ]
  }
}