{
  "metadata" : {
    "realm" : "/",
    "amsterVersion" : "7.0.1",
    "entityType" : "PlatformUsername",
    "entityId" : "12ba644a-fb9d-4e7f-93b6-2ec7c00e3828",
    "pathParams" : { }
  },
  "data" : {
    "_id" : "12ba644a-fb9d-4e7f-93b6-2ec7c00e3828",
    "validateInput" : false,
    "usernameAttribute" : "userName",
    "_type" : {
      "_id" : "ValidatedUsernameNode",
      "name" : "Platform Username",
      "collection" : true
    },
    "_outcomes" : [ {
      "id" : "outcome",
      "displayName" : "Outcome"
    } ]
  }
}