{
  "metadata" : {
    "realm" : "/",
    "amsterVersion" : "7.0.1",
    "entityType" : "PlatformUsername",
    "entityId" : "71430b88-b2de-4b92-8f53-7cec18521283",
    "pathParams" : { }
  },
  "data" : {
    "_id" : "71430b88-b2de-4b92-8f53-7cec18521283",
    "validateInput" : true,
    "usernameAttribute" : "userName",
    "_type" : {
      "_id" : "ValidatedUsernameNode",
      "name" : "Platform Username",
      "collection" : true
    },
    "_outcomes" : [ {
      "id" : "outcome",
      "displayName" : "Outcome"
    } ]
  }
}