{
  "metadata" : {
    "realm" : "/",
    "amsterVersion" : "7.0.1",
    "entityType" : "AttributePresentDecision",
    "entityId" : "3108eec3-973b-4823-96ef-3e34f89463f1",
    "pathParams" : { }
  },
  "data" : {
    "_id" : "3108eec3-973b-4823-96ef-3e34f89463f1",
    "presentAttribute" : "password",
    "identityAttribute" : "userName",
    "_type" : {
      "_id" : "AttributePresentDecisionNode",
      "name" : "Attribute Present Decision",
      "collection" : true
    },
    "_outcomes" : [ {
      "id" : "true",
      "displayName" : "True"
    }, {
      "id" : "false",
      "displayName" : "False"
    } ]
  }
}