{
  "metadata" : {
    "realm" : "/",
    "amsterVersion" : "7.0.1",
    "entityType" : "TwitterClient",
    "entityId" : "twitter",
    "pathParams" : { }
  },
  "data" : {
    "_id" : "twitter",
    "uiConfig" : {
      "iconFontColor" : "white",
      "buttonDisplayName" : "Twitter",
      "iconClass" : "fa-twitter",
      "buttonCustomStyle" : "background-color: #00b6e9; border-color: #00b6e9; color: #fff;",
      "buttonImage" : "",
      "buttonCustomStyleHover" : "background-color: #01abda; border-color: #01abda; color: #fff;",
      "buttonClass" : "fa-twitter",
      "iconBackground" : "#00b6e9"
    },
    "authorizationEndpoint" : "https://api.twitter.com/oauth/authenticate",
    "transform" : "8e298710-b55e-4085-a464-88a375a4004b",
    "redirectURI" : "https://localhost:8443/openam",
    "authenticationIdKey" : "id_str",
    "requestTokenEndpoint" : "https://api.twitter.com/oauth/request_token",
    "tokenEndpoint" : "https://api.twitter.com/oauth/access_token",
    "enabled" : false,
    "userInfoEndpoint" : "https://api.twitter.com/1.1/account/verify_credentials.json",
    "_type" : {
      "_id" : "twitterConfig",
      "name" : "Client configuration for Twitter.",
      "collection" : true
    }
  }
}