{
  "metadata" : {
    "realm" : "/",
    "amsterVersion" : "7.0.1",
    "entityType" : "AddAttributesToObjectAttributesNode",
    "entityId" : "8f7d1cdb-aba1-418b-a11d-dfeb4000a4c8",
    "pathParams" : { }
  },
  "data" : {
    "_id" : "8f7d1cdb-aba1-418b-a11d-dfeb4000a4c8",
    "attributesList" : {
      "password" : "password",
      "username" : "userName"
    },
    "_type" : {
      "_id" : "AddAttributesToObjectAttributesNode",
      "name" : "Add Attributes To Object Attributes",
      "collection" : true
    },
    "_outcomes" : [ {
      "id" : "outcome",
      "displayName" : "Outcome"
    } ]
  }
}