{
  "metadata" : {
    "realm" : "/",
    "amsterVersion" : "7.0.1",
    "entityType" : "AddAttributesToObjectAttributesNode",
    "entityId" : "a30b46b3-6531-4819-a3cb-1b09b4555857",
    "pathParams" : { }
  },
  "data" : {
    "_id" : "a30b46b3-6531-4819-a3cb-1b09b4555857",
    "attributesList" : {
      "password" : "password"
    },
    "_type" : {
      "_id" : "AddAttributesToObjectAttributesNode",
      "name" : "Add Attributes To Object Attributes",
      "collection" : true
    },
    "_outcomes" : [ {
      "id" : "outcome",
      "displayName" : "Outcome"
    } ]
  }
}