{
  "metadata" : {
    "realm" : "/",
    "amsterVersion" : "7.0.1",
    "entityType" : "AddAttributesToObjectAttributesNode",
    "entityId" : "b7dc50ab-0429-47bd-b666-4e66017596e5",
    "pathParams" : { }
  },
  "data" : {
    "_id" : "b7dc50ab-0429-47bd-b666-4e66017596e5",
    "attributesList" : {
      "username" : "userName"
    },
    "_type" : {
      "_id" : "AddAttributesToObjectAttributesNode",
      "name" : "Add Attributes To Object Attributes",
      "collection" : true
    },
    "_outcomes" : [ {
      "id" : "outcome",
      "displayName" : "Outcome"
    } ]
  }
}