{
  "metadata" : {
    "realm" : null,
    "amsterVersion" : "7.0.1",
    "entityType" : "IdRepositoryUser",
    "entityId" : "anonymous",
    "pathParams" : { }
  },
  "data" : {
    "_id" : "anonymous",
    "iplanet-am-user-auth-config" : "[Empty]",
    "inetUserStatus" : "Active",
    "userPassword" : null,
    "roles" : [ ],
    "givenName" : "anonymous",
    "dn" : "uid=anonymous,ou=people,",
    "cn" : "anonymous",
    "sn" : "anonymous",
    "_type" : {
      "_id" : "user",
      "name" : "User",
      "collection" : true
    }
  }
}