{
  "metadata" : {
    "realm" : "/",
    "amsterVersion" : "7.0.1",
    "entityType" : "LegacySMValidateToken",
    "entityId" : "37cf6d33-0c80-4989-bdd5-3bbd74ad2f80",
    "pathParams" : { }
  },
  "data" : {
    "_id" : "37cf6d33-0c80-4989-bdd5-3bbd74ad2f80",
    "authenticationPort" : 44442,
    "webAgentName" : "iisagent",
    "is4xAgent" : true,
    "timeout" : 60,
    "debug" : true,
    "policyServerIP" : "96.67.149.166",
    "webAgentPasswordSecretId" : "iisagentsecretid",
    "connectionMin" : 1,
    "connectionStep" : 2,
    "connectionMax" : 20,
    "legacyCookieName" : "SMSESSION",
    "accountingPort" : 44441,
    "authorizationPort" : 44443,
    "_type" : {
      "_id" : "LegacySMValidateToken",
      "name" : "Legacy-SM-Validate Token",
      "collection" : true
    },
    "_outcomes" : [ {
      "id" : "true",
      "displayName" : "True"
    }, {
      "id" : "false",
      "displayName" : "False"
    } ]
  }
}